title,address,city,state,postal_code,price,facts and features,real estate provider,url
New Construction,1545 Pine St # U4I7Q,San Francisco,CA,94109,"$727,500+","-- bds , 1 ba , 432+ sqft",,https://www.zillow.com/community/austin/2092523855_zpid/
Condo For Sale,66 Cleary Ct APT 601,San Francisco,CA,94109,"$1,185,000","3 bds , 2 ba , 1,110 sqft",Warwick Properties Group,https://www.zillow.com/homedetails/66-Cleary-Ct-APT-601-San-Francisco-CA-94109/15076892_zpid/
Condo For Sale,2359 Jackson St # 4,San Francisco,CA,94115,"$995,000","1 bd , 1 ba , 653 sqft",,https://www.zillow.com/homedetails/2359-Jackson-St-4-San-Francisco-CA-94115/15074023_zpid/
Apartment For Sale,1840-1844 Golden Gate Ave,SAN FRANCISCO,CA,94115,"$5,995,000","Studio , -- ba , 7,205 sqft","Paragon Coml. Brokerage, Inc",https://www.zillow.com/homedetails/1840-1844-Golden-Gate-Ave-San-Francisco-CA-94115/15084972_zpid/
Apartment For Sale,570 Grove St,San Francisco,CA,94102,"$4,650,000","Studio , -- ba , 8,280 sqft","Paragon Coml. Brokerage, Inc",https://www.zillow.com/homedetails/570-Grove-St-San-Francisco-CA-94102/2090710021_zpid/
Condo For Sale,1823 Turk St,San Francisco,CA,94115,"$2,095,000","3 bds , 2.5 ba , 1,947 sqft",Paragon Real Estate Group,https://www.zillow.com/homedetails/1823-Turk-St-San-Francisco-CA-94115/2097380992_zpid/
Condo For Sale,1941 Ofarrell St,San Francisco,CA,94115,"$1,195,000","3 bds , 2 ba , 1,708 sqft",Pacific Union International Inc.,https://www.zillow.com/homedetails/1941-Ofarrell-St-San-Francisco-CA-94115/15077344_zpid/
Apartment For Sale,3169-3173 Sacramento St,SAN FRANCISCO,CA,94115,"$3,495,000","6 bds , 5 ba , 4,080 sqft",Compass,https://www.zillow.com/homedetails/3169-3173-Sacramento-St-San-Francisco-CA-94115/15082494_zpid/
