title,address,city,state,postal_code,price,facts and features,real estate provider,url
New Construction,1188 Valencia St # NFWEU9,San Francisco,CA,94110,"$859,000+","1 bd , 1 ba , 624+ sqft",,https://www.zillow.com/community/1188-valencia/2091584969_zpid/
House For Sale,1843 Pine St,San Francisco,CA,94109,"$5,350,000","7 bds , 6.5 ba , 5,203 sqft",Hill & Co.,https://www.zillow.com/homedetails/1843-Pine-St-San-Francisco-CA-94109/15075489_zpid/
Condo For Sale,77 Dow Pl APT 701,San Francisco,CA,94107,"$935,000","1 bd , 1.5 ba , 1,022 sqft",Vanguard Properties,https://www.zillow.com/homedetails/77-Dow-Pl-APT-701-San-Francisco-CA-94107/61242854_zpid/
Condo For Sale,1384B Florida St,San Francisco,CA,94110,"$799,000","1 bd , 1.5 ba , -- sqft",Climb Real Estate,https://www.zillow.com/homedetails/1384B-Florida-St-San-Francisco-CA-94110/2090789736_zpid/
House For Sale,807 Francisco St,San Francisco,CA,94109,"$16,900,000","6 bds , 6.5 ba , 6,180 sqft",Compass,https://www.zillow.com/homedetails/807-Francisco-St-San-Francisco-CA-94109/15063607_zpid/
Condo For Sale,351 Buena Vista Ave E UNIT 404,San Francisco,CA,94117,"$635,000","1 bd , 1 ba , 690 sqft",Sotheby's International Realty,https://www.zillow.com/homedetails/351-Buena-Vista-Ave-E-UNIT-404-San-Francisco-CA-94117/15126822_zpid/
Condo For Sale,1310 1314 Greenwich St # 401,San Francisco,CA,94109,"$2,750,000","2 bds , 2 ba , 1,912 sqft",Sotheby's International Realty,https://www.zillow.com/homedetails/1310-1314-Greenwich-St-401-San-Francisco-CA-94109/2090793708_zpid/
Apartment For Sale,263 19th Ave,San Francisco,CA,94121,"$2,100,000","Studio , -- ba , 3,172 sqft",,https://www.zillow.com/homedetails/263-19th-Ave-San-Francisco-CA-94121/2101455467_zpid/
