title,address,city,state,postal_code,price,facts and features,real estate provider,url
New Construction,1188 Valencia St # NFWEU9,San Francisco,CA,94110,"$859,000+","1 bd , 1 ba , 624+ sqft",,https://www.zillow.com/community/1188-valencia/2091584969_zpid/
New Construction,1818 14th St # OWC3B5,Oakland,CA,94607,,"-- bds , -- ba , -- sqft",,https://www.zillow.com/community/station-house-south/2090943416_zpid/
Coming Soon,413 Cola Ballena,Alameda,CA,94501,"$995,000","3 bds , 3 ba , 2,050 sqft",,https://www.zillow.com/homedetails/413-Cola-Ballena-Alameda-CA-94501/24869612_zpid/
House For Sale,1843 Pine St,San Francisco,CA,94109,"$5,350,000","7 bds , 6.5 ba , 5,203 sqft",Hill & Co.,https://www.zillow.com/homedetails/1843-Pine-St-San-Francisco-CA-94109/15075489_zpid/
Condo For Sale,77 Dow Pl APT 701,San Francisco,CA,94107,"$935,000","1 bd , 1.5 ba , 1,022 sqft",Vanguard Properties,https://www.zillow.com/homedetails/77-Dow-Pl-APT-701-San-Francisco-CA-94107/61242854_zpid/
Condo For Sale,1384B Florida St,San Francisco,CA,94110,"$799,000","1 bd , 1.5 ba , -- sqft",Climb Real Estate,https://www.zillow.com/homedetails/1384B-Florida-St-San-Francisco-CA-94110/2090789736_zpid/
House For Sale,807 Francisco St,San Francisco,CA,94109,"$16,900,000","6 bds , 6.5 ba , 6,180 sqft",Compass,https://www.zillow.com/homedetails/807-Francisco-St-San-Francisco-CA-94109/15063607_zpid/
Condo For Sale,351 Buena Vista Ave E UNIT 404,San Francisco,CA,94117,"$635,000","1 bd , 1 ba , 690 sqft",Sotheby's International Realty,https://www.zillow.com/homedetails/351-Buena-Vista-Ave-E-UNIT-404-San-Francisco-CA-94117/15126822_zpid/
