title,address,city,state,postal_code,price,facts and features,real estate provider,url
New Construction,1188 Valencia St # GOX6UH,San Francisco,CA,94110,"$1,995,000+","2 bds , 2 ba , 1,321+ sqft",,https://www.zillow.com/community/1188-valencia/2091353935_zpid/
Condo For Sale,766 770 South Van Ness Ave # 768,San Francisco,CA,94110,"$1,050,000","2 bds , 1.5 ba , -- sqft",Vanguard Properties,https://www.zillow.com/homedetails/766-770-South-Van-Ness-Ave-768-San-Francisco-CA-94110/2089593917_zpid/
House For Sale,445 Ellsworth St,SAN FRANCISCO,CA,94110,"$1,795,000","3 bds , 2.5 ba , -- sqft",Paragon Real Estate Group,https://www.zillow.com/homedetails/445-Ellsworth-St-San-Francisco-CA-94110/15163255_zpid/
Condo For Sale,159 Capp St,San Francisco,CA,94110,"$725,000","2 bds , 1 ba , 850 sqft",Zephyr Real Estate,https://www.zillow.com/homedetails/159-Capp-St-San-Francisco-CA-94110/184817492_zpid/
House For Sale,366 Nevada St,SAN FRANCISCO,CA,94110,"$995,000","2 bds , 1 ba , 1,065 sqft",,https://www.zillow.com/homedetails/366-Nevada-St-San-Francisco-CA-94110/15163150_zpid/
Apartment For Sale,2392 Bryant St,San Francisco,CA,94110,"$1,849,000","Studio , -- ba , 2,000 sqft",Redfin,https://www.zillow.com/homedetails/2392-Bryant-St-San-Francisco-CA-94110/2105220486_zpid/
Condo For Sale,257 Lexington St,SAN FRANCISCO,CA,94110,"$1,195,000","2 bds , 2 ba , 1,272 sqft",Zephyr Real Estate,https://www.zillow.com/homedetails/257-Lexington-St-San-Francisco-CA-94110/119684741_zpid/
Apartment For Sale,28-30 Santa Marina St,SAN FRANCISCO,CA,94110,"$1,850,000","Studio , -- ba , 2,872 sqft",CENTURY 21 Real Estate Alliance,https://www.zillow.com/homedetails/28-30-Santa-Marina-St-San-Francisco-CA-94110/15163480_zpid/
House For Sale,26 Crescent Ave,SAN FRANCISCO,CA,94110,"$1,099,000","4 bds , 3 ba , -- sqft",Coldwell Banker Residential Brokerage - San Francisco Pacific Heights,https://www.zillow.com/homedetails/26-Crescent-Ave-San-Francisco-CA-94110/15164442_zpid/
House For Sale,328 Richland Ave,SAN FRANCISCO,CA,94110,"$2,848,000","4 bds , 5 ba , 2,950 sqft",Coldwell Banker Residential Brokerage - San Francisco Pacific Heights,https://www.zillow.com/homedetails/328-Richland-Ave-San-Francisco-CA-94110/15164291_zpid/
Apartment For Sale,1151 1161 Alabama St,San Francisco,CA,94110,"$1,850,000","Studio , -- ba , 7,031 sqft","Paragon Coml. Brokerage, Inc",https://www.zillow.com/homedetails/1151-1161-Alabama-St-San-Francisco-CA-94110/2089616754_zpid/
Condo For Sale,3104 25th St,SAN FRANCISCO,CA,94110,"$945,000","2 bds , 1 ba , 1,144 sqft",Vanguard Properties,https://www.zillow.com/homedetails/3104-25th-St-San-Francisco-CA-94110/119684712_zpid/
New Construction,1188 Valencia St # 3CEF31,San Francisco,CA,94110,"$2,495,000+","3 bds , 2 ba , 1,503+ sqft",,https://www.zillow.com/community/1188-valencia/2089845369_zpid/
Foreclosure,299 Franconia St,San Francisco,CA,94110,"$1,395,000","1,751 sqft lot",Park North Real Estate,https://www.zillow.com/homedetails/299-Franconia-St-San-Francisco-CA-94110/125308243_zpid/
Apartment For Sale,338 Alemany Blvd,San Francisco,CA,94110,"$1,300,000","Studio , -- ba , 2,330 sqft",Cushman & Wakefield,https://www.zillow.com/homedetails/338-Alemany-Blvd-San-Francisco-CA-94110/2089626936_zpid/
Apartment For Sale,1163 S Van Ness Ave,San Francisco,CA,94110,"$1,495,000","7 bds , 3 ba , 3,208 sqft",,https://www.zillow.com/homedetails/1163-S-Van-Ness-Ave-San-Francisco-CA-94110/15146771_zpid/
House For Sale,401 Anderson St,SAN FRANCISCO,CA,94110,"$1,050,000","2 bds , 1 ba , 890 sqft",,https://www.zillow.com/homedetails/401-Anderson-St-San-Francisco-CA-94110/15163293_zpid/
Apartment For Sale,1026-1028 Capp St,SAN FRANCISCO,CA,94110,"$1,299,000","Studio , -- ba , 2,426 sqft",Coldwell Banker Residential Brokerage - San Francisco Pacific Heights,https://www.zillow.com/homedetails/1026-1028-Capp-St-San-Francisco-CA-94110/15180644_zpid/
Apartment For Sale,3200 24th St # 3216,San Francisco,CA,94110,"$3,200,000","Studio , -- ba , 5,100 sqft","Paragon Coml. Brokerage, Inc",https://www.zillow.com/homedetails/3200-24th-St-3216-San-Francisco-CA-94110/241586802_zpid/
Condo For Sale,1266 1268 Hampshire St # 1268,San Francisco,CA,94110,"$795,000","2 bds , 2 ba , 865 sqft",Vanguard Properties,https://www.zillow.com/homedetails/1266-1268-Hampshire-St-1268-San-Francisco-CA-94110/2089702575_zpid/
Condo For Sale,1150 Treat Ave,SAN FRANCISCO,CA,94110,"$995,000","2 bds , 2 ba , 1,090 sqft",Pacific Union International Inc.,https://www.zillow.com/homedetails/1150-Treat-Ave-San-Francisco-CA-94110/94970857_zpid/
Condo For Sale,1800 Bryant St SUITE 305,San Francisco,CA,94110,"$928,000","1 bd , 2 ba , 891 sqft",,https://www.zillow.com/homedetails/1800-Bryant-St-SUITE-305-San-Francisco-CA-94110/55205038_zpid/
House For Sale,53 Elsie St,SAN FRANCISCO,CA,94110,"$1,295,000","2 bds , 2 ba , 1,385 sqft",,https://www.zillow.com/homedetails/53-Elsie-St-San-Francisco-CA-94110/15161157_zpid/
Apartment For Sale,2637 Mission St,San Francisco,CA,94110,"$8,950,000","Studio , -- ba , 16,834 sqft",,https://www.zillow.com/homedetails/2637-Mission-St-San-Francisco-CA-94110/2089715544_zpid/
House For Sale,501 Franconia St,SAN FRANCISCO,CA,94110,"$1,995,000","5 bds , 3 ba , 3,025 sqft",Core7 Real Estate,https://www.zillow.com/homedetails/501-Franconia-St-San-Francisco-CA-94110/15161608_zpid/
