title,address,city,state,postal_code,price,facts and features,real estate provider,url
Condo For Sale,30 Quickstep Ln APT 1,SAN FRANCISCO,CA,94115,"$675,000","3 bds , 2 ba , 1,050 sqft",Coldwell Banker Residential Brokerage - San Francisco Lakeside,https://www.zillow.com/homedetails/30-Quickstep-Ln-APT-1-San-Francisco-CA-94115/64972224_zpid/
Condo For Sale,1849 Lyon St,SAN FRANCISCO,CA,94115,"$2,750,000","3 bds , 3 ba , 1,973 sqft",Compass,https://www.zillow.com/homedetails/1849-Lyon-St-San-Francisco-CA-94115/15082474_zpid/
New Construction,2121 Webster St # EG2AUU,San Francisco,CA,94115,"$13,850,000+","3 bds , 4 ba , 3,147+ sqft",,https://www.zillow.com/community/pacific/2093737634_zpid/
Condo For Sale,1235 Mcallister St APT 211,SAN FRANCISCO,CA,94115,"$649,000","1 bd , 1 ba , 727 sqft",WINKLER REAL ESTATE GROUP,https://www.zillow.com/homedetails/1235-Mcallister-St-APT-211-San-Francisco-CA-94115/15078165_zpid/
Apartment For Sale,2321 Scott St,San Francisco,CA,94115,"$6,000,000","Studio , -- ba , 11,661 sqft",Colliers International,https://www.zillow.com/homedetails/2321-Scott-St-San-Francisco-CA-94115/2089673190_zpid/
Condo For Sale,751 Baker St,SAN FRANCISCO,CA,94115,"$1,199,000","3 bds , 1 ba , -- sqft",Compass,https://www.zillow.com/homedetails/751-Baker-St-San-Francisco-CA-94115/82789796_zpid/
Condo For Sale,2876 Washington St,San Francisco,CA,94115,"$3,475,000","3 bds , 3.5 ba , -- sqft",Sotheby's International Realty,https://www.zillow.com/homedetails/2876-Washington-St-San-Francisco-CA-94115/2129440608_zpid/
Condo For Sale,1359 Scott St,SAN FRANCISCO,CA,94115,"$995,000","2 bds , 2 ba , 1,351 sqft",Compass,https://www.zillow.com/homedetails/1359-Scott-St-San-Francisco-CA-94115/15083944_zpid/
Condo For Sale,1310 Fillmore St APT 905,SAN FRANCISCO,CA,94115,"$875,000","1 bd , 1 ba , 749 sqft",,https://www.zillow.com/homedetails/1310-Fillmore-St-APT-905-San-Francisco-CA-94115/82785411_zpid/
Condo For Sale,1941 Lyon St,SAN FRANCISCO,CA,94115,"$1,795,000","3 bds , 2 ba , 1,530 sqft",Sotheby's International Realty,https://www.zillow.com/homedetails/1941-Lyon-St-San-Francisco-CA-94115/63196841_zpid/
Condo For Sale,2963 Pacific Ave,SAN FRANCISCO,CA,94115,"$3,975,000","3 bds , 2 ba , 2,160 sqft",Sotheby's International Realty - San Francisco Brokerage,https://www.zillow.com/homedetails/2963-Pacific-Ave-San-Francisco-CA-94115/15081143_zpid/
Apartment For Sale,1460 Golden Gate Ave,San Francisco,CA,94115,"$7,995,000","Studio , -- ba , 17,208 sqft",,https://www.zillow.com/homedetails/1460-Golden-Gate-Ave-San-Francisco-CA-94115/2115594923_zpid/
House For Sale,2094 Bush St,SAN FRANCISCO,CA,94115,"$2,875,000","4 bds , 3.5 ba , 2,602 sqft",Engel & Volkers San Francisco,https://www.zillow.com/homedetails/2094-Bush-St-San-Francisco-CA-94115/15075352_zpid/
House For Sale,109 Anzavista Ave,SAN FRANCISCO,CA,94115,"$1,595,000","3 bds , 2 ba , -- sqft",,https://www.zillow.com/homedetails/109-Anzavista-Ave-San-Francisco-CA-94115/15084320_zpid/
Coming Soon,1288 Mcallister St APT 101,SAN FRANCISCO,CA,94115,"$1,149,000","2 bds , 1 ba , 1,212 sqft",Climb Real Estate,https://www.zillow.com/homedetails/1288-Mcallister-St-APT-101-San-Francisco-CA-94115/15078057_zpid/
Condo For Sale,2735 Bush St,San Francisco,CA,94115,"$1,095,000","2 bds , 2 ba , 1,104 sqft",Zephyr Real Estate,https://www.zillow.com/homedetails/2735-Bush-St-San-Francisco-CA-94115/2129301854_zpid/
Condo For Sale,2100 Pacific Ave,San Francisco,CA,94115,"$14,750,000","4 bds , 3.5 ba , 5,180 sqft",GPK Luxury Real Estate,https://www.zillow.com/homedetails/2100-Pacific-Ave-San-Francisco-CA-94115/2133554343_zpid/
Condo For Sale,1819 Lyon St APT 2,SAN FRANCISCO,CA,94115,"$929,000","1 bd , 1 ba , 670 sqft",Compass,https://www.zillow.com/homedetails/1819-Lyon-St-APT-2-San-Francisco-CA-94115/15082470_zpid/
Condo For Sale,2211 California St APT 204,SAN FRANCISCO,CA,94115,"$499,000","Studio , 1 ba , 409 sqft",Redfin,https://www.zillow.com/homedetails/2211-California-St-APT-204-San-Francisco-CA-94115/15075149_zpid/
Apartment For Sale,2713 Clay St,San Francisco,CA,94115,"$3,850,000","Studio , -- ba , 3,981 sqft","Paragon Coml. Brokerage, Inc",https://www.zillow.com/homedetails/2713-Clay-St-San-Francisco-CA-94115/2092909964_zpid/
Condo For Sale,3046 Jackson St APT D,San Francisco,CA,94115,"$1,298,000","3 bds , 2 ba , 1,303 sqft",Coldwell Banker,https://www.zillow.com/homedetails/3046-Jackson-St-APT-D-San-Francisco-CA-94115/2096676100_zpid/
Condo For Sale,2578 Sutter St,San Francisco,CA,94115,"$1,980,000","3 bds , 4 ba , 2,097 sqft",Pacific Union International Inc.,https://www.zillow.com/homedetails/2578-Sutter-St-San-Francisco-CA-94115/2131470115_zpid/
House For Sale,125 Anzavista Ave,SAN FRANCISCO,CA,94115,"$3,998,000","5 bds , 4 ba , 4,200 sqft",,https://www.zillow.com/homedetails/125-Anzavista-Ave-San-Francisco-CA-94115/15084322_zpid/
Condo For Sale,1 Western Shore Ln APT 1,San Francisco,CA,94115,"$469,000","1 bd , 1 ba , 550 sqft",T. Okamoto & Co.,https://www.zillow.com/homedetails/1-Western-Shore-Ln-APT-1-San-Francisco-CA-94115/2090160874_zpid/
Condo For Sale,2855 Jackson St APT 301,SAN FRANCISCO,CA,94115,"$2,750,000","4 bds , 3 ba , 2,055 sqft",Sotheby's International Realty - San Francisco Brokerage,https://www.zillow.com/homedetails/2855-Jackson-St-APT-301-San-Francisco-CA-94115/15081287_zpid/
