title,address,city,state,postal_code,price,facts and features,real estate provider,url
House For Sale,790 Teresita Blvd,SAN FRANCISCO,CA,94127,"$1,095,000","2 bds , 1 ba , 1,570 sqft",Coldwell Banker Residential Brokerage - San Francisco Pacific Heights,https://www.zillow.com/homedetails/790-Teresita-Blvd-San-Francisco-CA-94127/15137016_zpid/
House For Sale,180 Saint Elmo Way,SAN FRANCISCO,CA,94127,"$2,675,000","4 bds , 2.5 ba , 2,824 sqft",Berkshire Hathaway-Franciscan,https://www.zillow.com/homedetails/180-Saint-Elmo-Way-San-Francisco-CA-94127/15137485_zpid/
House For Sale,566 Mangels Ave,SAN FRANCISCO,CA,94127,"$1,298,000","3 bds , 3 ba , 1,743 sqft",Coldwell Banker Residential Brokerage - San Francisco Lakeside,https://www.zillow.com/homedetails/566-Mangels-Ave-San-Francisco-CA-94127/15137895_zpid/
House For Sale,120 Cresta Vista Dr,SAN FRANCISCO,CA,94127,"$1,395,000","3 bds , 2.5 ba , 1,704 sqft",Climb Real Estate,https://www.zillow.com/homedetails/120-Cresta-Vista-Dr-San-Francisco-CA-94127/15136486_zpid/
House For Sale,634 Edna St,SAN FRANCISCO,CA,94127,"$1,095,000","2 bds , 1 ba , 1,068 sqft",Paragon Real Estate Group,https://www.zillow.com/homedetails/634-Edna-St-San-Francisco-CA-94127/15138679_zpid/
House For Sale,2 Hernandez Ave,SAN FRANCISCO,CA,94127,"$1,895,000","4 bds , 1.5 ba , 2,194 sqft",Jackson Fuller Real Estate,https://www.zillow.com/homedetails/2-Hernandez-Ave-San-Francisco-CA-94127/15133396_zpid/
House For Sale,35 De Soto St,SAN FRANCISCO,CA,94127,"$1,599,500","3 bds , 2 ba , 1,629 sqft",Global Realty,https://www.zillow.com/homedetails/35-De-Soto-St-San-Francisco-CA-94127/15187578_zpid/
House For Sale,210 Casitas Ave,SAN FRANCISCO,CA,94127,"$3,695,000","5 bds , 5 ba , 4,315 sqft","Trio Properties, Inc.",https://www.zillow.com/homedetails/210-Casitas-Ave-San-Francisco-CA-94127/15135233_zpid/
House For Sale,225 Maywood Dr,SAN FRANCISCO,CA,94127,"$3,295,000","4 bds , 4 ba , 5,478 sqft",,https://www.zillow.com/homedetails/225-Maywood-Dr-San-Francisco-CA-94127/15137334_zpid/
House For Sale,138 Madrone Ave,San Francisco,CA,94127,"$2,750,000","5 bds , 5 ba , 3,790 sqft",Coldwell Banker Residential Brokerage - San Francisco Sunset,https://www.zillow.com/homedetails/138-Madrone-Ave-San-Francisco-CA-94127/2089714522_zpid/
House For Sale,12 Madrone Ave,SAN FRANCISCO,CA,94127,"$1,399,000","2 bds , 1 ba , 1,412 sqft",Dot Real Estate,https://www.zillow.com/homedetails/12-Madrone-Ave-San-Francisco-CA-94127/15133905_zpid/
House For Sale,250 Evelyn Way,SAN FRANCISCO,CA,94127,"$1,049,000","3 bds , 1 ba , 1,150 sqft",Zephyr Real Estate,https://www.zillow.com/homedetails/250-Evelyn-Way-San-Francisco-CA-94127/15134286_zpid/
Coming Soon,141 Junipero Serra Blvd,SAN FRANCISCO,CA,94127,"$3,588,888","5 bds , 3 ba , 4,138 sqft",,https://www.zillow.com/homedetails/141-Junipero-Serra-Blvd-San-Francisco-CA-94127/15141466_zpid/
Apartment For Sale,5201 5205 Mission St,San Francisco,CA,94127,"$2,750,000","Studio , -- ba , 3,667 sqft",Coldwell Banker Residential Brokerage - San Francisco Lakeside,https://www.zillow.com/homedetails/5201-5205-Mission-St-San-Francisco-CA-94127/2090122143_zpid/
House For Sale,1950 Monterey Blvd,SAN FRANCISCO,CA,94127,"$3,998,000","5 bds , 4 ba , 3,878 sqft",Paragon Real Estate Group,https://www.zillow.com/homedetails/1950-Monterey-Blvd-San-Francisco-CA-94127/15138863_zpid/
House For Sale,95 Junipero Serra Blvd,SAN FRANCISCO,CA,94127,"$3,180,000","4 bds , 3 ba , 3,340 sqft",,https://www.zillow.com/homedetails/95-Junipero-Serra-Blvd-San-Francisco-CA-94127/15138829_zpid/
Apartment For Sale,406 Lansdale Ave,SAN FRANCISCO,CA,94127,"$2,488,000","Studio , 4 ba , 4,509 sqft",,https://www.zillow.com/homedetails/406-Lansdale-Ave-San-Francisco-CA-94127/15135851_zpid/
House For Sale,80 San Fernando Way,SAN FRANCISCO,CA,94127,"$4,999,000","6 bds , 6 ba , 4,425 sqft",Golden Gate Sotheby's International Realty,https://www.zillow.com/homedetails/80-San-Fernando-Way-San-Francisco-CA-94127/15137970_zpid/
House For Sale,650 Mangels Ave,SAN FRANCISCO,CA,94127,"$1,438,000","3 bds , 3 ba , 1,686 sqft",Climb Real Estate,https://www.zillow.com/homedetails/650-Mangels-Ave-San-Francisco-CA-94127/15137943_zpid/
Condo For Sale,798 Monterey Blvd APT 1D,SAN FRANCISCO,CA,94127,"$698,000","2 bds , 1.5 ba , 929 sqft",RE/MAX Westlake Investments,https://www.zillow.com/homedetails/798-Monterey-Blvd-APT-1D-San-Francisco-CA-94127/15138813_zpid/
