title,address,city,state,postal_code,price,facts and features,real estate provider,url
Condo For Sale,690 Market St # 502,San Francisco,CA,94104,"$895,000","1 bd , 1.5 ba , 1,315 sqft",Vanguard Properties,https://www.zillow.com/homedetails/690-Market-St-502-San-Francisco-CA-94104/89236573_zpid/
Condo For Sale,690 Market St # 905,San Francisco,CA,94104,"$1,748,000","2 bds , 2.5 ba , 2,090 sqft",Vanguard Properties,https://www.zillow.com/homedetails/690-Market-St-905-San-Francisco-CA-94104/89239168_zpid/
Condo For Sale,690 Market St # 204,San Francisco,CA,94104,"$1,395,000","2 bds , 2.5 ba , 1,625 sqft",Vanguard Properties,https://www.zillow.com/homedetails/690-Market-St-204-San-Francisco-CA-94104/89240321_zpid/
Condo For Sale,690 Market St # 201,San Francisco,CA,94104,"$989,000","1 bd , 1.5 ba , 1,290 sqft",Vanguard Properties,https://www.zillow.com/homedetails/690-Market-St-201-San-Francisco-CA-94104/89238930_zpid/
Condo For Sale,690 Market St # 501,San Francisco,CA,94104,"$895,000","1 bd , 1.5 ba , 1,285 sqft",Vanguard Properties,https://www.zillow.com/homedetails/690-Market-St-501-San-Francisco-CA-94104/89237698_zpid/
Condo For Sale,333 Bush St APT 4101,SAN FRANCISCO,CA,94104,"$1,499,000","2 bds , 2 ba , 1,250 sqft","Andersen, Jung & Co.",https://www.zillow.com/homedetails/333-Bush-St-APT-4101-San-Francisco-CA-94104/15069251_zpid/
Condo For Sale,333 Bush St APT 3702,SAN FRANCISCO,CA,94104,"$1,200,000","1 bd , 1 ba , 1,050 sqft",,https://www.zillow.com/homedetails/333-Bush-St-APT-3702-San-Francisco-CA-94104/15069222_zpid/
Condo For Sale,333 Bush St # A,SAN FRANCISCO,CA,94104,"$4,999,000","2 bds , 2.5 ba , 1,993 sqft",Sotheby's International Realty,https://www.zillow.com/homedetails/333-Bush-St-A-San-Francisco-CA-94104/15069263_zpid/
Condo For Sale,201 Sansome St UNIT 402,SAN FRANCISCO,CA,94104,"$1,150,000","2 bds , 2 ba , 985 sqft",Citiland Investment Corp.,https://www.zillow.com/homedetails/201-Sansome-St-UNIT-402-San-Francisco-CA-94104/79844055_zpid/
Condo For Sale,333 Bush St,San Francisco,CA,94104,"$1,495,000","1 bd , 1 ba , 1,050 sqft",Venture Sotheby's International Realty,https://www.zillow.com/homedetails/333-Bush-St-San-Francisco-CA-94104/2104201774_zpid/
Condo For Sale,333 Bush St APT 3903,SAN FRANCISCO,CA,94104,"$1,495,000","1 bd , 1 ba , 1,042 sqft",Venture Sotheby's International Realty,https://www.zillow.com/homedetails/333-Bush-St-APT-3903-San-Francisco-CA-94104/15069239_zpid/
Condo For Sale,690 Market St UNIT 1702,SAN FRANCISCO,CA,94104,"$1,595,000","2 bds , 2.5 ba , 1,273 sqft",Vanguard Properties,https://www.zillow.com/homedetails/690-Market-St-UNIT-1702-San-Francisco-CA-94104/89236707_zpid/
