title,address,city,state,postal_code,price,facts and features,real estate provider,url
Condo For Sale,520 34th Ave,SAN FRANCISCO,CA,94121,"$979,000","2 bds , 1 ba , 1,300 sqft",McGuire Real Estate,https://www.zillow.com/homedetails/520-34th-Ave-San-Francisco-CA-94121/79843308_zpid/
Apartment For Sale,536 538 28th Ave,San Francisco,CA,94121,"$2,600,000","Studio , -- ba , 4,608 sqft",Coldwell Banker Residential Brokerage - San Francisco Sunset,https://www.zillow.com/homedetails/536-538-28th-Ave-San-Francisco-CA-94121/2089600972_zpid/
House For Sale,575 17th Ave,SAN FRANCISCO,CA,94121,"$995,000","3 bds , 2 ba , 1,950 sqft",Coldwell Banker Residential Brokerage - San Francisco Market Street,https://www.zillow.com/homedetails/575-17th-Ave-San-Francisco-CA-94121/15095200_zpid/
Apartment For Sale,3535 Anza St,San Francisco,CA,94121,"$2,390,000","Studio , -- ba , 2,561 sqft",Evergreen Realty,https://www.zillow.com/homedetails/3535-Anza-St-San-Francisco-CA-94121/2089622990_zpid/
Apartment For Sale,3535 Anza St # 3537,SAN FRANCISCO,CA,94121,"$2,390,000","Studio , -- ba , 2,561 sqft","Chou Evergreen Realty, Inc.",https://www.zillow.com/homedetails/3535-Anza-St-3537-San-Francisco-CA-94121/15095626_zpid/
Apartment For Sale,2618-2620 Balboa St,SAN FRANCISCO,CA,94121,"$1,995,000","Studio , -- ba , 3,050 sqft","Paragon Coml. Brokerage, Inc",https://www.zillow.com/homedetails/2618-2620-Balboa-St-San-Francisco-CA-94121/15095652_zpid/
Condo For Sale,225 26th Ave # 1,SAN FRANCISCO,CA,94121,"$1,695,000","4 bds , 4 ba , 2,031 sqft",MaxxRealty,https://www.zillow.com/homedetails/225-26th-Ave-1-San-Francisco-CA-94121/59700267_zpid/
Condo For Sale,806 47th Ave,San Francisco,CA,94121,"$799,000","3 bds , 1.5 ba , -- sqft",,https://www.zillow.com/homedetails/806-47th-Ave-San-Francisco-CA-94121/241586114_zpid/
Apartment For Sale,602-604 30th Ave,SAN FRANCISCO,CA,94121,"$1,980,000","Studio , -- ba , 4,020 sqft",,https://www.zillow.com/homedetails/602-604-30th-Ave-San-Francisco-CA-94121/15095758_zpid/
Apartment For Sale,1918 Clement St # 1922,San Francisco,CA,94121,"$2,180,000","Studio , -- ba , 3,934 sqft",Coldwell Banker Res. R.E. Svcs,https://www.zillow.com/homedetails/1918-Clement-St-1922-San-Francisco-CA-94121/241583902_zpid/
House For Sale,764 44th Ave,SAN FRANCISCO,CA,94121,"$1,395,000","2 bds , 1 ba , 1,686 sqft",Pacific Union International Inc.,https://www.zillow.com/homedetails/764-44th-Ave-San-Francisco-CA-94121/15096803_zpid/
House For Sale,151 24th Ave,SAN FRANCISCO,CA,94121,"$5,850,000","5 bds , 4.5 ba , 5,450 sqft",Compass,https://www.zillow.com/homedetails/151-24th-Ave-San-Francisco-CA-94121/15089004_zpid/
Condo For Sale,369 18th Ave # 109,San Francisco,CA,94121,"$799,000","Studio , 1 ba , 658 sqft",Polaris Pacific,https://www.zillow.com/homedetails/369-18th-Ave-109-San-Francisco-CA-94121/2089734578_zpid/
House For Sale,15 Sea Cliff Ave,SAN FRANCISCO,CA,94121,"$4,195,000","5 bds , 4 ba , 3,154 sqft",,https://www.zillow.com/homedetails/15-Sea-Cliff-Ave-San-Francisco-CA-94121/15088608_zpid/
House For Sale,575 19th Ave,SAN FRANCISCO,CA,94121,"$1,495,000","3 bds , 2 ba , 1,450 sqft",Far East Realty,https://www.zillow.com/homedetails/575-19th-Ave-San-Francisco-CA-94121/15095294_zpid/
Condo For Sale,603 22nd Ave,San Francisco,CA,94121,"$879,000","2 bds , 1 ba , 1,005 sqft",Zephyr Real Estate,https://www.zillow.com/homedetails/603-22nd-Ave-San-Francisco-CA-94121/241586092_zpid/
Apartment For Sale,579 581 39th Ave,San Francisco,CA,94121,"$4,560,000","Studio , -- ba , 5,096 sqft",Park North Real Estate,https://www.zillow.com/homedetails/579-581-39th-Ave-San-Francisco-CA-94121/2089815814_zpid/
Condo For Sale,581 39th Ave,San Francisco,CA,94121,"$2,380,000","4 bds , 3.5 ba , 2,652 sqft",Park North Real Estate,https://www.zillow.com/homedetails/581-39th-Ave-San-Francisco-CA-94121/2089848674_zpid/
Condo For Sale,579 39th Ave,San Francisco,CA,94121,"$2,180,000","3 bds , 3 ba , 2,444 sqft",Park North Real Estate,https://www.zillow.com/homedetails/579-39th-Ave-San-Francisco-CA-94121/15093308_zpid/
House For Sale,182 32nd Ave,SAN FRANCISCO,CA,94121,"$6,488,000","5 bds , 5.5 ba , 5,780 sqft",Compass,https://www.zillow.com/homedetails/182-32nd-Ave-San-Francisco-CA-94121/15088749_zpid/
Condo For Sale,798 Great Hwy # 3,SAN FRANCISCO,CA,94121,"$1,150,000","1 bd , 2 ba , 1,515 sqft",CENTURY 21 Marquis,https://www.zillow.com/homedetails/798-Great-Hwy-3-San-Francisco-CA-94121/15096483_zpid/
Apartment For Sale,631-633 33rd Ave,SAN FRANCISCO,CA,94121,"$1,980,000","Studio , -- ba , 3,800 sqft","Wong Realty, Inc., Basalle",https://www.zillow.com/homedetails/631-633-33rd-Ave-San-Francisco-CA-94121/15095819_zpid/
Apartment For Sale,530 29th Ave,SAN FRANCISCO,CA,94121,"$1,695,000","Studio , -- ba , 1,929 sqft",Laurel Realty & Investment,https://www.zillow.com/homedetails/530-29th-Ave-San-Francisco-CA-94121/15093726_zpid/
House For Sale,496 38th Ave,SAN FRANCISCO,CA,94121,"$2,685,000","5 bds , 4 ba , 3,660 sqft",Coldwell Banker Residential Brokerage - Burlingame,https://www.zillow.com/homedetails/496-38th-Ave-San-Francisco-CA-94121/15092486_zpid/
Apartment For Sale,644 25th Ave,San Francisco,CA,94121,"$2,598,000","Studio , -- ba , 4,151 sqft",Century 21 Baldini Realty,https://www.zillow.com/homedetails/644-25th-Ave-San-Francisco-CA-94121/15095532_zpid/
