title,address,city,state,postal_code,price,facts and features,real estate provider,url
House For Sale,805 Marina Blvd,SAN FRANCISCO,CA,94123,"$4,995,000","4 bds , 3.5 ba , 3,400 sqft",Pacific Union International,https://www.zillow.com/homedetails/805-Marina-Blvd-San-Francisco-CA-94123/15079465_zpid/
Condo For Sale,1877 Green St,SAN FRANCISCO,CA,94123,"$1,349,000","2 bds , 1 ba , -- sqft",Pacific Union International,https://www.zillow.com/homedetails/1877-Green-St-San-Francisco-CA-94123/15072299_zpid/
Condo For Sale,1970 Green St,SAN FRANCISCO,CA,94123,"$2,825,000","3 bds , 2.5 ba , 2,230 sqft",Sotheby's International Realty,https://www.zillow.com/homedetails/1970-Green-St-San-Francisco-CA-94123/15072022_zpid/
Condo For Sale,3542 Scott St,SAN FRANCISCO,CA,94123,"$1,495,000","2 bds , 1 ba , 1,206 sqft",Pacific Union International,https://www.zillow.com/homedetails/3542-Scott-St-San-Francisco-CA-94123/15069982_zpid/
Condo For Sale,1501 Filbert St APT 7F,SAN FRANCISCO,CA,94123,"$3,500,000","2 bds , 2.5 ba , 1,634 sqft",Pacific Union International,https://www.zillow.com/homedetails/1501-Filbert-St-APT-7F-San-Francisco-CA-94123/125218031_zpid/
House For Sale,2619 Baker St,SAN FRANCISCO,CA,94123,"$4,795,000","4 bds , 3 ba , -- sqft",Compass,https://www.zillow.com/homedetails/2619-Baker-St-San-Francisco-CA-94123/15080554_zpid/
Condo For Sale,1635 Lombard St,SAN FRANCISCO,CA,94123,"$1,499,000","3 bds , 2.5 ba , 1,350 sqft",Paragon Real Estate Group,https://www.zillow.com/homedetails/1635-Lombard-St-San-Francisco-CA-94123/69818897_zpid/
Condo For Sale,2240 Green St APT 3,SAN FRANCISCO,CA,94123,"$1,485,000","1 bd , 1 ba , 1,253 sqft",,https://www.zillow.com/homedetails/2240-Green-St-APT-3-San-Francisco-CA-94123/15071926_zpid/
Condo For Sale,3010 Franklin St APT 3,San Francisco,CA,94123,"$999,999","2 bds , 1 ba , 946 sqft","Alain Pinel, REALTORS®",https://www.zillow.com/homedetails/3010-Franklin-St-APT-3-San-Francisco-CA-94123/2089672312_zpid/
Apartment For Sale,3227 Broderick St,San Francisco,CA,94123,"$3,100,000","Studio , -- ba , 3,600 sqft",Sereno Group,https://www.zillow.com/homedetails/3227-Broderick-St-San-Francisco-CA-94123/2089681728_zpid/
House For Sale,213 Moulton St,SAN FRANCISCO,CA,94123,"$2,495,000","3 bds , 3.5 ba , 2,364 sqft",Sotheby's International Realty,https://www.zillow.com/homedetails/213-Moulton-St-San-Francisco-CA-94123/15071185_zpid/
Condo For Sale,3124 Laguna St # A,San Francisco,CA,94123,"$1,049,000","2 bds , 1 ba , -- sqft",Zephyr Real Estate,https://www.zillow.com/homedetails/3124-Laguna-St-A-San-Francisco-CA-94123/2089701842_zpid/
House For Sale,465 Marina Blvd,SAN FRANCISCO,CA,94123,"$8,995,000","6 bds , 5.5 ba , 5,420 sqft",,https://www.zillow.com/homedetails/465-Marina-Blvd-San-Francisco-CA-94123/15069604_zpid/
House For Sale,3621 Scott St,SAN FRANCISCO,CA,94123,"$4,475,000","4 bds , 3 ba , 2,895 sqft",Pacific Union International Inc.,https://www.zillow.com/homedetails/3621-Scott-St-San-Francisco-CA-94123/15079822_zpid/
Condo For Sale,2204 Green St,SAN FRANCISCO,CA,94123,"$2,395,000","3 bds , 2 ba , 2,173 sqft",,https://www.zillow.com/homedetails/2204-Green-St-San-Francisco-CA-94123/15071917_zpid/
Condo For Sale,2139 Green St # B,SAN FRANCISCO,CA,94123,"$1,750,000","2 bds , 3 ba , 1,578 sqft",Coldwell Banker Residential Brokerage - San Francisco Pacific Heights,https://www.zillow.com/homedetails/2139-Green-St-B-San-Francisco-CA-94123/15072395_zpid/
Apartment For Sale,2244 Vallejo St,San Francisco,CA,94123,"$5,588,000","7 bds , 8 ba , -- sqft",,https://www.zillow.com/homedetails/2244-Vallejo-St-San-Francisco-CA-94123/2089835563_zpid/
Apartment For Sale,1443-1445 Lombard St,SAN FRANCISCO,CA,94123,"$2,980,000","Studio , -- ba , 4,300 sqft",Coldwell Banker Residential Brokerage - San Francisco Pacific Heights,https://www.zillow.com/homedetails/1443-1445-Lombard-St-San-Francisco-CA-94123/79845666_zpid/
Apartment For Sale,1516 Lombard St,San Francisco,CA,94123,"$2,400,000","Studio , -- ba , 3,800 sqft","Amore Real Estate, Inc.",https://www.zillow.com/homedetails/1516-Lombard-St-San-Francisco-CA-94123/2090058325_zpid/
Condo For Sale,3132 Franklin St,SAN FRANCISCO,CA,94123,"$1,449,000","2 bds , 1 ba , 1,077 sqft",Vanguard Properties,https://www.zillow.com/homedetails/3132-Franklin-St-San-Francisco-CA-94123/59779196_zpid/
Apartment For Sale,69-71 Cervantes Blvd,SAN FRANCISCO,CA,94123,"$2,895,000","Studio , -- ba , 2,880 sqft",Compass,https://www.zillow.com/homedetails/69-71-Cervantes-Blvd-San-Francisco-CA-94123/15070189_zpid/
Apartment For Sale,2455 2459 Lombard St,San Francisco,CA,94123,"$5,699,000","Studio , -- ba , -- sqft",Compass,https://www.zillow.com/homedetails/2455-2459-Lombard-St-San-Francisco-CA-94123/2090711505_zpid/
