title,address,city,state,postal_code,price,facts and features,real estate provider,url
House For Sale,330 Crestlake Dr,SAN FRANCISCO,CA,94132,"$1,238,000","2 bds , 2 ba , 1,260 sqft",Zephyr Real Estate,https://www.zillow.com/homedetails/330-Crestlake-Dr-San-Francisco-CA-94132/15125743_zpid/
House For Sale,247 Byxbee St,San Francisco,CA,94132,"$1,188,000","4 bds , 2 ba , 1,553 sqft",Coldwell Banker Residential Brokerage - San Francisco Market Street,https://www.zillow.com/homedetails/247-Byxbee-St-San-Francisco-CA-94132/2089596883_zpid/
Apartment For Sale,247 Byxbee St # 249,SAN FRANCISCO,CA,94132,"$1,188,000","Studio , -- ba , 1,553 sqft",Coldwell Banker Residential Brokerage - San Francisco Market Street,https://www.zillow.com/homedetails/247-Byxbee-St-249-San-Francisco-CA-94132/15190022_zpid/
House For Sale,15 Clearfield Dr,SAN FRANCISCO,CA,94132,"$995,000","3 bds , 2 ba , 1,390 sqft",,https://www.zillow.com/homedetails/15-Clearfield-Dr-San-Francisco-CA-94132/15197681_zpid/
House For Sale,255 Summit Way,San Francisco,CA,94132,"$1,650,000","3 bds , 4 ba , 2,324 sqft",Century 21 Real Estate Alliance,https://www.zillow.com/homedetails/255-Summit-Way-San-Francisco-CA-94132/184812766_zpid/
House For Sale,348 Country Club Dr,SAN FRANCISCO,CA,94132,"$1,368,000","3 bds , 2 ba , 1,767 sqft",Coldwell Banker Residential Brokerage - San Francisco Lakeside,https://www.zillow.com/homedetails/348-Country-Club-Dr-San-Francisco-CA-94132/15198090_zpid/
House For Sale,287 Summit Way,SAN FRANCISCO,CA,94132,"$1,649,000","3 bds , 2.5 ba , 2,001 sqft",Norcal Realty,https://www.zillow.com/homedetails/287-Summit-Way-San-Francisco-CA-94132/124397638_zpid/
House For Sale,906 Garfield St,SAN FRANCISCO,CA,94132,"$2,195,000","6 bds , 5 ba , 3,491 sqft",Pacific Union International Inc.,https://www.zillow.com/homedetails/906-Garfield-St-San-Francisco-CA-94132/92997077_zpid/
House For Sale,180 Saint Charles Ave,SAN FRANCISCO,CA,94132,"$950,000","3 bds , 2 ba , 1,520 sqft",CENTURY 21 Real Estate Alliance,https://www.zillow.com/homedetails/180-Saint-Charles-Ave-San-Francisco-CA-94132/15195232_zpid/
House For Sale,238 Stonecrest Dr,SAN FRANCISCO,CA,94132,"$2,380,000","7 bds , 4 ba , 3,200 sqft",,https://www.zillow.com/homedetails/238-Stonecrest-Dr-San-Francisco-CA-94132/15196987_zpid/
