title,address,city,state,postal_code,price,facts and features,real estate provider,url
House For Sale,1043 Hollister Ave,SAN FRANCISCO,CA,94124,"$685,000","1 bd , 1 ba , 875 sqft",Zephyr Real Estate,https://www.zillow.com/homedetails/1043-Hollister-Ave-San-Francisco-CA-94124/15154694_zpid/
House For Sale,40 Santa Fe Ave,SAN FRANCISCO,CA,94124,"$838,000","2 bds , 1 ba , 1,388 sqft",,https://www.zillow.com/homedetails/40-Santa-Fe-Ave-San-Francisco-CA-94124/15157926_zpid/
New Construction,51 Innes Ct # J1LO09,San Francisco,CA,94124,"$959,000+","2 bds , 2 ba , 1,115+ sqft",,https://www.zillow.com/community/san-francisco-shipyard-monarch/2089880725_zpid/
House For Sale,1479 Newcomb Ave,SAN FRANCISCO,CA,94124,"$1,495,000","4 bds , 3 ba , 1,901 sqft","Renovation Design Realty, Inc.",https://www.zillow.com/homedetails/1479-Newcomb-Ave-San-Francisco-CA-94124/15156218_zpid/
House For Sale,1766 Mckinnon Ave,SAN FRANCISCO,CA,94124,"$718,000","2 bds , 1 ba , 1,048 sqft",Coldwell Banker Residential Brokerage - San Francisco Sunset,https://www.zillow.com/homedetails/1766-Mckinnon-Ave-San-Francisco-CA-94124/15156037_zpid/
New Construction,11 Innes Ct # 5NOU5H,San Francisco,CA,94124,"$839,000+","2 bds , 2 ba , 1,156+ sqft",,https://www.zillow.com/community/san-francisco-shipyard-engel/2091792394_zpid/
Condo For Sale,5900 3rd St UNIT 2212,SAN FRANCISCO,CA,94124,"$598,888","1 bd , 1 ba , 825 sqft",S And T Properties,https://www.zillow.com/homedetails/5900-3rd-St-UNIT-2212-San-Francisco-CA-94124/122246383_zpid/
House For Sale,1583 La Salle Ave,SAN FRANCISCO,CA,94124,"$1,095,000","2 bds , 2 ba , 1,380 sqft","Renovation Design Realty, Inc.",https://www.zillow.com/homedetails/1583-La-Salle-Ave-San-Francisco-CA-94124/15155980_zpid/
New Construction,11 Innes Ct # R5OXVR,San Francisco,CA,94124,"$1,400,000+","3 bds , 3 ba , 1,522+ sqft",,https://www.zillow.com/community/san-francisco-shipyard-palisades/2089632883_zpid/
New Construction,11 Innes Ct # R555AD,San Francisco,CA,94124,"$1,475,000+","3 bds , 3 ba , 1,510+ sqft",,https://www.zillow.com/community/san-francisco-shipyard-palisades/2089632882_zpid/
New Construction,11 Innes Ct # MPL1R2,San Francisco,CA,94124,"$910,000+","2 bds , 2 ba , 1,212+ sqft",,https://www.zillow.com/community/san-francisco-shipyard-engel/2091936880_zpid/
New Construction,11 Innes Ct # MP195O,San Francisco,CA,94124,"$920,000+","2 bds , 2 ba , 1,212+ sqft",,https://www.zillow.com/community/san-francisco-shipyard-engel/2090586374_zpid/
New Construction,11 Innes Ct # N3VP76,San Francisco,CA,94124,"$850,000+","2 bds , 2 ba , 1,156+ sqft",,https://www.zillow.com/community/san-francisco-shipyard-engel/2091617061_zpid/
New Construction,11 Innes Ct # 5OSFC9,San Francisco,CA,94124,"$925,000+","2 bds , 2 ba , 1,342+ sqft",,https://www.zillow.com/community/san-francisco-shipyard-engel/2092685927_zpid/
Condo For Sale,5900 3rd St UNIT 2413,SAN FRANCISCO,CA,94124,"$598,000","1 bd , 1 ba , 823 sqft",Vanguard Properties,https://www.zillow.com/homedetails/5900-3rd-St-UNIT-2413-San-Francisco-CA-94124/119684770_zpid/
House For Sale,132 Maddux Ave,SAN FRANCISCO,CA,94124,"$895,000","2 bds , 1 ba , 1,575 sqft",Pacific Union International Inc.,https://www.zillow.com/homedetails/132-Maddux-Ave-San-Francisco-CA-94124/15157345_zpid/
House For Sale,2015 Revere Ave,SAN FRANCISCO,CA,94124,"$868,000","2 bds , 1 ba , 910 sqft",Coldwell Banker Residential Brokerage - San Francisco Pacific Heights,https://www.zillow.com/homedetails/2015-Revere-Ave-San-Francisco-CA-94124/15158104_zpid/
House For Sale,2919 Griffith St,SAN FRANCISCO,CA,94124,"$799,900","2 bds , 1 ba , 1,200 sqft",Grant Alvernaz Broker,https://www.zillow.com/homedetails/2919-Griffith-St-San-Francisco-CA-94124/15154914_zpid/
New Construction,11 Innes Ct # MQ4UCG,San Francisco,CA,94124,"$940,000+","2 bds , 2 ba , 1,318+ sqft",,https://www.zillow.com/community/san-francisco-shipyard-engel/2091446654_zpid/
Condo For Sale,901 Bay Shore Blvd APT 405,SAN FRANCISCO,CA,94124,"$299,000","1 bd , 1 ba , 549 sqft",Vanguard Properties,https://www.zillow.com/homedetails/901-Bay-Shore-Blvd-APT-405-San-Francisco-CA-94124/80732827_zpid/
Condo For Sale,250 Friedell St,San Francisco,CA,94124,"$838,000","2 bds , 2 ba , 1,505 sqft",Pacific Union International Inc.,https://www.zillow.com/homedetails/250-Friedell-St-San-Francisco-CA-94124/184817990_zpid/
New Construction,51 Innes Ct # J2P971,San Francisco,CA,94124,"$975,000+","2 bds , 2 ba , 1,190+ sqft",,https://www.zillow.com/community/san-francisco-shipyard-monarch/2089880724_zpid/
New Construction,51 Innes Ct # QJQD5H,San Francisco,CA,94124,"$1,035,000+","2 bds , 2 ba , 1,080+ sqft",,https://www.zillow.com/community/san-francisco-shipyard-monarch/2089880719_zpid/
New Construction,51 Innes Ct # TCHK19,San Francisco,CA,94124,"$895,000+","2 bds , 2 ba , 1,185+ sqft",,https://www.zillow.com/community/san-francisco-shipyard-monarch/2089880720_zpid/
New Construction,51 Innes Ct # BVVUS5,San Francisco,CA,94124,"$1,150,000+","2 bds , 2 ba , 1,060+ sqft",,https://www.zillow.com/community/san-francisco-shipyard-monarch/2089880721_zpid/
