title,address,city,state,postal_code,price,facts and features,real estate provider,url
Condo For Sale,1242 Washington St,SAN FRANCISCO,CA,94108,"$1,195,000","2 bds , 1 ba , 1,283 sqft",,https://www.zillow.com/homedetails/1242-Washington-St-San-Francisco-CA-94108/15067506_zpid/
Condo For Sale,725 Pine St APT 307,SAN FRANCISCO,CA,94108,"$485,000","Studio , 1 ba , 328 sqft",,https://www.zillow.com/homedetails/725-Pine-St-APT-307-San-Francisco-CA-94108/82785255_zpid/
Condo For Sale,1001 California St # TH1,San Francisco,CA,94108,"$5,800,000","3 bds , 3.5 ba , 3,680 sqft",Square Foot SF,https://www.zillow.com/homedetails/1001-California-St-TH1-San-Francisco-CA-94108/184817036_zpid/
Condo For Sale,930 Pine St APT 303,SAN FRANCISCO,CA,94108,"$1,149,999","2 bds , 1.5 ba , 1,026 sqft",,https://www.zillow.com/homedetails/930-Pine-St-APT-303-San-Francisco-CA-94108/15068663_zpid/
House For Sale,1266 Washington St,San Francisco,CA,94108,"$18,950,000","5 bds , 5 ba , -- sqft",Paragon Real Estate Group,https://www.zillow.com/homedetails/1266-Washington-St-San-Francisco-CA-94108/15067494_zpid/
Condo For Sale,1177 California St APT 709,SAN FRANCISCO,CA,94108,"$1,195,000","1 bd , 1 ba , 866 sqft",GPK Luxury Real Estate,https://www.zillow.com/homedetails/1177-California-St-APT-709-San-Francisco-CA-94108/15068512_zpid/
Condo For Sale,1150 Sacramento St APT 202,SAN FRANCISCO,CA,94108,"$2,695,000","2 bds , 2 ba , 1,789 sqft",GPK Luxury Real Estate,https://www.zillow.com/homedetails/1150-Sacramento-St-APT-202-San-Francisco-CA-94108/15067969_zpid/
Apartment For Sale,988 Pine St,San Francisco,CA,94108,"$3,372,000","Studio , -- ba , 5,950 sqft","Paragon Coml. Brokerage, Inc",https://www.zillow.com/homedetails/988-Pine-St-San-Francisco-CA-94108/2089858363_zpid/
Condo For Sale,901 Powell St APT 24,SAN FRANCISCO,CA,94108,"$1,795,000","3 bds , 2 ba , 1,575 sqft",,https://www.zillow.com/homedetails/901-Powell-St-APT-24-San-Francisco-CA-94108/15068107_zpid/
Condo For Sale,1150 Sacramento St APT 403,SAN FRANCISCO,CA,94108,"$4,900,000","3 bds , 4 ba , 3,700 sqft",Coldwell Banker Residential Brokerage - San Francisco Lombard,https://www.zillow.com/homedetails/1150-Sacramento-St-APT-403-San-Francisco-CA-94108/15067978_zpid/
Coming Soon,10 Miller Pl APT 1602,SAN FRANCISCO,CA,94108,"$2,195,000","2 bds , 2 ba , 1,175 sqft",,https://www.zillow.com/homedetails/10-Miller-Pl-APT-1602-San-Francisco-CA-94108/15068140_zpid/
Condo For Sale,725 Pine St APT 205,SAN FRANCISCO,CA,94108,"$419,000","Studio , 1 ba , 280 sqft",,https://www.zillow.com/homedetails/725-Pine-St-APT-205-San-Francisco-CA-94108/83154106_zpid/
Condo For Sale,1100 Sacramento St APT 804,San Francisco,CA,94108,"$3,050,000","2 bds , 3 ba , 1,938 sqft",Sotheby's International Realty - San Francisco Brokerage,https://www.zillow.com/homedetails/1100-Sacramento-St-APT-804-San-Francisco-CA-94108/2104534266_zpid/
Condo For Sale,1100 Sacramento St APT 208,San Francisco,CA,94108,"$3,699,000","3 bds , 4 ba , 2,538 sqft",Sotheby's International Realty - San Francisco Brokerage,https://www.zillow.com/homedetails/1100-Sacramento-St-APT-208-San-Francisco-CA-94108/2109143883_zpid/
Condo For Sale,1177 California St APT 529,SAN FRANCISCO,CA,94108,"$1,499,000","1 bd , 2 ba , 1,089 sqft",,https://www.zillow.com/homedetails/1177-California-St-APT-529-San-Francisco-CA-94108/15068564_zpid/
Condo For Sale,946 Stockton St APT 7B,SAN FRANCISCO,CA,94108,"$840,000","2 bds , 2 ba , 710 sqft","JACMAR & Associates, LLC",https://www.zillow.com/homedetails/946-Stockton-St-APT-7B-San-Francisco-CA-94108/15067589_zpid/
Condo For Sale,333 Grant Ave APT 501,SAN FRANCISCO,CA,94108,"$995,000","1 bd , 1 ba , 832 sqft",Paragon Real Estate Group,https://www.zillow.com/homedetails/333-Grant-Ave-APT-501-San-Francisco-CA-94108/64971315_zpid/
Condo For Sale,725 Pine St APT 308,SAN FRANCISCO,CA,94108,"$719,000","1 bd , 1 ba , 536 sqft",,https://www.zillow.com/homedetails/725-Pine-St-APT-308-San-Francisco-CA-94108/82785256_zpid/
Condo For Sale,946 Stockton St APT 6A,SAN FRANCISCO,CA,94108,"$990,000","2 bds , 2 ba , 775 sqft",Coldwell Banker Residential Brokerage - San Francisco Sunset,https://www.zillow.com/homedetails/946-Stockton-St-APT-6A-San-Francisco-CA-94108/15067582_zpid/
