title,address,city,state,postal_code,price,facts and features,real estate provider,url
Condo For Sale,255 Berry St APT 404,SAN FRANCISCO,CA,94158,"$895,000","1 bd , 1 ba , 873 sqft",Compass,https://www.zillow.com/homedetails/255-Berry-St-APT-404-San-Francisco-CA-94158/64972998_zpid/
Condo For Sale,330 Mission Bay Blvd N UNIT 506,San Francisco,CA,94158,"$1,325,000","2 bds , 2 ba , -- sqft",Reside Real Estate,https://www.zillow.com/homedetails/330-Mission-Bay-Blvd-N-UNIT-506-San-Francisco-CA-94158/184816422_zpid/
New Construction,1000 3rd Street 110 Channel St # JJ5S5B,San Francisco,CA,94158,"$2,425,000+","3 bds , 2 ba , 1,639+ sqft",,https://www.zillow.com/community/error-subdivision-name-unavailable/2089640766_zpid/
New Construction,1000 3rd Street 110 Channel St # L2ISOD,San Francisco,CA,94158,"$1,660,000+","2 bds , 2 ba , 1,218+ sqft",,https://www.zillow.com/community/error-subdivision-name-unavailable/2089640767_zpid/
Coming Soon,330 Mission Bay North Blvd UNIT 301,San Francisco,CA,94158,"$1,595,000","2 bds , 2 ba , 1,367 sqft",,https://www.zillow.com/homedetails/330-Mission-Bay-North-Blvd-UNIT-301-San-Francisco-CA-94158/96035416_zpid/
Condo For Sale,1000 3rd St # 1407,San Francisco,CA,94158,"$2,425,000","3 bds , 2 ba , 1,639 sqft",The CIM Group,https://www.zillow.com/homedetails/1000-3rd-St-1407-San-Francisco-CA-94158/2089665259_zpid/
Condo For Sale,1000 3rd St # 1205,San Francisco,CA,94158,"$1,660,000","2 bds , 2 ba , 1,218 sqft",The CIM Group,https://www.zillow.com/homedetails/1000-3rd-St-1205-San-Francisco-CA-94158/2089666090_zpid/
New Construction,1000 3rd Street 110 Channel St # D1WLVT,San Francisco,CA,94158,"$3,850,000+","3 bds , 3 ba , 1,827+ sqft",,https://www.zillow.com/community/one-mission-bay/2090697883_zpid/
New Construction,1000 3rd Street 110 Channel St # N7KR4R,San Francisco,CA,94158,"$1,500,000+","2 bds , 2 ba , 1,181+ sqft",,https://www.zillow.com/community/one-mission-bay/2090125839_zpid/
New Construction,1000 3rd Street 110 Channel St # XD6N99,San Francisco,CA,94158,"$1,890,000+","2 bds , 2 ba , 1,234+ sqft",,https://www.zillow.com/community/one-mission-bay/2090125837_zpid/
New Construction,1000 3rd Street 110 Channel St # DQO9SU,San Francisco,CA,94158,"$3,850,000+","3 bds , 3 ba , 1,976+ sqft",,https://www.zillow.com/community/one-mission-bay/2090125840_zpid/
Condo For Sale,300 Berry St UNIT 1312,SAN FRANCISCO,CA,94158,"$1,049,000","2 bds , 2 ba , 966 sqft",Zephyr Real Estate,https://www.zillow.com/homedetails/300-Berry-St-UNIT-1312-San-Francisco-CA-94158/89240367_zpid/
Condo For Sale,300 Berry St UNIT 1113,SAN FRANCISCO,CA,94158,"$1,198,000","2 bds , 1 ba , 968 sqft",HomeSmart Bay Area,https://www.zillow.com/homedetails/300-Berry-St-UNIT-1113-San-Francisco-CA-94158/89237162_zpid/
Condo For Sale,718 Long Bridge St APT 320,San Francisco,CA,94158,"$2,895,000","3 bds , 3 ba , 1,889 sqft",Engel & Volkers San Francisco South Beach,https://www.zillow.com/homedetails/718-Long-Bridge-St-APT-320-San-Francisco-CA-94158/2099741167_zpid/
Condo For Sale,325 China Basin St UNIT 513,SAN FRANCISCO,CA,94158,"$1,395,000","2 bds , 2 ba , 1,080 sqft",Vanguard Properties,https://www.zillow.com/homedetails/325-China-Basin-St-UNIT-513-San-Francisco-CA-94158/89229516_zpid/
Condo For Sale,1000 3rd St # 1601,San Francisco,CA,94158,"$3,850,000","3 bds , 2.5 ba , 1,976 sqft",The CIM Group,https://www.zillow.com/homedetails/1000-3rd-St-1601-San-Francisco-CA-94158/2090259839_zpid/
Condo For Sale,110 Channel St UNIT 433,San Francisco,CA,94158,"$1,500,000","2 bds , 2 ba , 1,181 sqft",The CIM Group,https://www.zillow.com/homedetails/110-Channel-St-UNIT-433-San-Francisco-CA-94158/2090260105_zpid/
Condo For Sale,1000 3rd St # 303,San Francisco,CA,94158,"$1,890,000","2 bds , 2 ba , 1,234 sqft",The CIM Group,https://www.zillow.com/homedetails/1000-3rd-St-303-San-Francisco-CA-94158/2090260198_zpid/
Condo For Sale,330 Mission Bay Blvd N UNIT 705,San Francisco,CA,94158,"$849,000","1 bd , 1 ba , 961 sqft",Zephyr Real Estate,https://www.zillow.com/homedetails/330-Mission-Bay-Blvd-N-UNIT-705-San-Francisco-CA-94158/2118327729_zpid/
Condo For Sale,718 Long Bridge St APT 604,San Francisco,CA,94158,"$1,649,000","2 bds , 2 ba , 1,385 sqft",Coldwell Banker Residential Brokerage - San Francisco Pacific Heights,https://www.zillow.com/homedetails/718-Long-Bridge-St-APT-604-San-Francisco-CA-94158/2090986874_zpid/
Condo For Sale,325 China Basin St UNIT 111,SAN FRANCISCO,CA,94158,"$1,995,000","2 bds , 2.5 ba , 1,948 sqft",Vanguard Properties,https://www.zillow.com/homedetails/325-China-Basin-St-UNIT-111-San-Francisco-CA-94158/89236743_zpid/
Condo For Sale,1000 3rd St # 1502,San Francisco,CA,94158,"$3,850,000","3 bds , 2.5 ba , 1,827 sqft",The CIM Group,https://www.zillow.com/homedetails/1000-3rd-St-1502-San-Francisco-CA-94158/2090728455_zpid/
Condo For Sale,300 Berry St UNIT 115,SAN FRANCISCO,CA,94158,"$935,000","1 bd , 1.5 ba , -- sqft",Climb Real Estate,https://www.zillow.com/homedetails/300-Berry-St-UNIT-115-San-Francisco-CA-94158/89239686_zpid/
Condo For Sale,435 China Basin St UNIT 337,SAN FRANCISCO,CA,94158,"$1,487,000","2 bds , 2 ba , 1,372 sqft",Vanguard Properties,https://www.zillow.com/homedetails/435-China-Basin-St-UNIT-337-San-Francisco-CA-94158/116156704_zpid/
Coming Soon,738 Long Bridge St # 12XX,San Francisco,CA,94158,"$2,100,000","2 bds , 2 ba , 1,459 sqft",,https://www.zillow.com/homedetails/738-Long-Bridge-St-12XX-San-Francisco-CA-94158/2097026451_zpid/
