title,address,city,state,postal_code,price,facts and features,real estate provider,url
Condo For Sale,250 King St UNIT 708,SAN FRANCISCO,CA,94107,"$780,000","1 bd , 1 ba , 787 sqft",Sotheby's International Realty,https://www.zillow.com/homedetails/250-King-St-UNIT-708-San-Francisco-CA-94107/69819433_zpid/
Condo For Sale,631 Folsom St APT 9D,SAN FRANCISCO,CA,94107,"$1,450,000","2 bds , 2 ba , 1,230 sqft",Climb Real Estate,https://www.zillow.com/homedetails/631-Folsom-St-APT-9D-San-Francisco-CA-94107/89230074_zpid/
Condo For Sale,72 Townsend St UNIT 504,San Francisco,CA,94107,"$1,495,000","2 bds , 2 ba , 1,260 sqft",,https://www.zillow.com/homedetails/72-Townsend-St-UNIT-504-San-Francisco-CA-94107/2089598267_zpid/
Condo For Sale,1578 Indiana St APT 7,SAN FRANCISCO,CA,94107,"$460,472","1 bd , 1.5 ba , 962 sqft",,https://www.zillow.com/homedetails/1578-Indiana-St-APT-7-San-Francisco-CA-94107/64969961_zpid/
Condo For Sale,301 Bryant St APT 603,SAN FRANCISCO,CA,94107,"$1,695,000","2 bds , 2 ba , 1,384 sqft",Sotheby's International Realty,https://www.zillow.com/homedetails/301-Bryant-St-APT-603-San-Francisco-CA-94107/15148714_zpid/
Condo For Sale,888 7th St UNIT 253,SAN FRANCISCO,CA,94107,"$351,601","1 bd , 1 ba , 690 sqft",Home Quest Realty,https://www.zillow.com/homedetails/888-7th-St-UNIT-253-San-Francisco-CA-94107/89240025_zpid/
Condo For Sale,461 2nd St APT C123,SAN FRANCISCO,CA,94107,"$739,000","1 bd , 1 ba , 639 sqft",,https://www.zillow.com/homedetails/461-2nd-St-APT-C123-San-Francisco-CA-94107/15148032_zpid/
Condo For Sale,326 Mississippi St,San Francisco,CA,94107,"$1,140,000","2 bds , 1 ba , 1,200 sqft",Coldwell Banker Residential Brokerage - San Francisco Lombard,https://www.zillow.com/homedetails/326-Mississippi-St-San-Francisco-CA-94107/2089682706_zpid/
Condo For Sale,700 Illinois St UNIT 110,San Francisco,CA,94107,"$1,299,000","2 bds , 2.5 ba , 1,857 sqft",Zephyr Real Estate,https://www.zillow.com/homedetails/700-Illinois-St-UNIT-110-San-Francisco-CA-94107/2089697926_zpid/
Condo For Sale,260 King St UNIT 485,SAN FRANCISCO,CA,94107,"$1,245,000","2 bds , 2 ba , 991 sqft",San Francisco R.E. Svcs.,https://www.zillow.com/homedetails/260-King-St-UNIT-485-San-Francisco-CA-94107/69819822_zpid/
Condo For Sale,324 Mississippi St,San Francisco,CA,94107,"$1,140,000","2 bds , 1 ba , 1,325 sqft",Coldwell Banker Residential Brokerage - San Francisco Lombard,https://www.zillow.com/homedetails/324-Mississippi-St-San-Francisco-CA-94107/15149531_zpid/
House For Sale,1477 Kansas St,SAN FRANCISCO,CA,94107,"$1,495,000","2 bds , 2 ba , 1,171 sqft",,https://www.zillow.com/homedetails/1477-Kansas-St-San-Francisco-CA-94107/15152726_zpid/
Apartment For Sale,324 326 Mississippi St,San Francisco,CA,94107,"$2,850,000","Studio , -- ba , 2,650 sqft",Coldwell Banker Residential Brokerage - San Francisco Lombard,https://www.zillow.com/homedetails/324-326-Mississippi-St-San-Francisco-CA-94107/2089714603_zpid/
Apartment For Sale,1260-1262 De Haro St,SAN FRANCISCO,CA,94107,"$1,649,000","Studio , -- ba , 2,000 sqft",Colliers International,https://www.zillow.com/homedetails/1260-1262-De-Haro-St-San-Francisco-CA-94107/15152118_zpid/
Condo For Sale,177 Townsend St UNIT 329,SAN FRANCISCO,CA,94107,"$1,098,000","2 bds , 2 ba , 1,022 sqft","MOVOTO, INC.",https://www.zillow.com/homedetails/177-Townsend-St-UNIT-329-San-Francisco-CA-94107/82786240_zpid/
Condo For Sale,219 Brannan St UNIT 7G,SAN FRANCISCO,CA,94107,"$2,250,000","2 bds , 2 ba , 1,309 sqft",Sotheby's International Realty - San Francisco Brokerage,https://www.zillow.com/homedetails/219-Brannan-St-UNIT-7G-San-Francisco-CA-94107/50586846_zpid/
Condo For Sale,815 Tennessee St # 302,San Francisco,CA,94107,"$1,448,000","2 bds , 2 ba , 1,104 sqft",Pacific Union International Inc.,https://www.zillow.com/homedetails/815-Tennessee-St-302-San-Francisco-CA-94107/2089738234_zpid/
Condo For Sale,888 7th St UNIT 231,SAN FRANCISCO,CA,94107,"$356,261","1 bd , 1 ba , 545 sqft",Engel & Volkers San Francisco,https://www.zillow.com/homedetails/888-7th-St-UNIT-231-San-Francisco-CA-94107/89239957_zpid/
Condo For Sale,546 Wisconsin St,SAN FRANCISCO,CA,94107,"$1,199,000","2 bds , 2 ba , 1,160 sqft",Redfin,https://www.zillow.com/homedetails/546-Wisconsin-St-San-Francisco-CA-94107/15149778_zpid/
For Sale by Owner,260 King St UNIT 685,SAN FRANCISCO,CA,94107,"$1,075,000","2 bds , 2 ba , 991 sqft",,https://www.zillow.com/homedetails/260-King-St-UNIT-685-San-Francisco-CA-94107/69819842_zpid/
Condo For Sale,260 King St UNIT 1305,SAN FRANCISCO,CA,94107,"$1,549,000","2 bds , 2 ba , 1,488 sqft",Skybox Realty,https://www.zillow.com/homedetails/260-King-St-UNIT-1305-San-Francisco-CA-94107/69819674_zpid/
Condo For Sale,88 King St UNIT 608,SAN FRANCISCO,CA,94107,"$1,299,000","2 bds , 2 ba , 1,205 sqft",Coldwell Banker Residential Brokerage - San Francisco Market Street,https://www.zillow.com/homedetails/88-King-St-UNIT-608-San-Francisco-CA-94107/52410322_zpid/
Condo For Sale,815 Tennessee St # 412,San Francisco,CA,94107,"$1,328,000","2 bds , 2 ba , 916 sqft",Pacific Union International Inc.,https://www.zillow.com/homedetails/815-Tennessee-St-412-San-Francisco-CA-94107/2089850837_zpid/
Condo For Sale,555 4th St UNIT 628,SAN FRANCISCO,CA,94107,"$799,988","1 bd , 1 ba , 700 sqft",Pacific Union International Inc.,https://www.zillow.com/homedetails/555-4th-St-UNIT-628-San-Francisco-CA-94107/79844658_zpid/
Condo For Sale,250 King St UNIT 1000,SAN FRANCISCO,CA,94107,"$1,249,888","2 bds , 2 ba , 1,219 sqft",Sotheby's International Realty - San Francisco Brokerage,https://www.zillow.com/homedetails/250-King-St-UNIT-1000-San-Francisco-CA-94107/69819448_zpid/
