title,address,city,state,postal_code,price,facts and features,real estate provider,url
Condo For Sale,8 Buchanan St UNIT 507,SAN FRANCISCO,CA,94102,"$798,000","1 bd , 1 ba , -- sqft",The Agency,https://www.zillow.com/homedetails/8-Buchanan-St-UNIT-507-San-Francisco-CA-94102/124397889_zpid/
Condo For Sale,010 Franklin St # 3,San Francisco,CA,94102,"$999,999","2 bds , 1 ba , 946 sqft",,https://www.zillow.com/homedetails/010-Franklin-St-3-San-Francisco-CA-94102/2089667222_zpid/
Apartment For Sale,428 Oak St,San Francisco,CA,94102,"$4,200,000","Studio , -- ba , 8,502 sqft","TRI Investment Services, Inc.",https://www.zillow.com/homedetails/428-Oak-St-San-Francisco-CA-94102/2089680573_zpid/
Condo For Sale,83 Mcallister St APT 201,SAN FRANCISCO,CA,94102,"$449,000","1 bd , 1 ba , 576 sqft",Zephyr Real Estate,https://www.zillow.com/homedetails/83-Mcallister-St-APT-201-San-Francisco-CA-94102/89239274_zpid/
Condo For Sale,601 Van Ness Ave APT 83,SAN FRANCISCO,CA,94102,"$888,000","3 bds , 2 ba , 1,110 sqft",Coldwell Banker Residential Brokerage - San Francisco Lombard,https://www.zillow.com/homedetails/601-Van-Ness-Ave-APT-83-San-Francisco-CA-94102/15077607_zpid/
Condo For Sale,8 Buchanan St UNIT 613,SAN FRANCISCO,CA,94102,"$1,195,000","2 bds , 2 ba , 985 sqft",Square Foot SF,https://www.zillow.com/homedetails/8-Buchanan-St-UNIT-613-San-Francisco-CA-94102/124397847_zpid/
House For Sale,601 Van Ness Ave APT 728,SAN FRANCISCO,CA,94102,"$470,000","Studio , 1 ba , 489 sqft",,https://www.zillow.com/homedetails/601-Van-Ness-Ave-APT-728-San-Francisco-CA-94102/15077789_zpid/
Condo For Sale,650 Turk St UNIT 604,SAN FRANCISCO,CA,94102,"$599,000","Studio , 1 ba , 377 sqft","Key Realty, Lynnea",https://www.zillow.com/homedetails/650-Turk-St-UNIT-604-San-Francisco-CA-94102/82814642_zpid/
Condo For Sale,942 Market St # 503,San Francisco,CA,94102,"$249,889","1 bd , 1 ba , 613 sqft",Coldwell Banker Residential Brokerage - San Francisco Lombard,https://www.zillow.com/homedetails/942-Market-St-503-San-Francisco-CA-94102/2090342995_zpid/
Apartment For Sale,794 796 Hayes St,San Francisco,CA,94102,"$2,995,000","Studio , -- ba , 6,093 sqft","Paragon Coml. Brokerage, Inc",https://www.zillow.com/homedetails/794-796-Hayes-St-San-Francisco-CA-94102/2093033245_zpid/
Condo For Sale,450 Hayes St UNIT 4F,San Francisco,CA,94102,"$1,995,000","2 bds , 2 ba , 1,141 sqft",Coldwell Banker Residential Brokerage - San Francisco Pacific Heights,https://www.zillow.com/homedetails/450-Hayes-St-UNIT-4F-San-Francisco-CA-94102/2096692404_zpid/
Condo For Sale,8 Octavia St UNIT 407,SAN FRANCISCO,CA,94102,"$287,179","Studio , 1 ba , 385 sqft",Better Homes and Gardens Thriv,https://www.zillow.com/homedetails/8-Octavia-St-UNIT-407-San-Francisco-CA-94102/124397633_zpid/
Apartment For Sale,225 Taylor St,San Francisco,CA,94102,"$4,500,000","Studio , -- ba , 12,825 sqft",Colliers International,https://www.zillow.com/homedetails/225-Taylor-St-San-Francisco-CA-94102/2100363386_zpid/
