title,address,city,state,postal_code,price,facts and features,real estate provider,url
New Construction,288 Pacific Ave # 67UQRR,San Francisco,CA,94111,,"-- bds , -- ba , -- sqft",,https://www.zillow.com/community/288-pacific/2090125331_zpid/
Condo For Sale,733 Front St UNIT 606,SAN FRANCISCO,CA,94111,"$1,195,000","1 bd , 1 ba , 920 sqft",Climb Real Estate,https://www.zillow.com/homedetails/733-Front-St-UNIT-606-San-Francisco-CA-94111/89236777_zpid/
Condo For Sale,101 Lombard St APT 401W,SAN FRANCISCO,CA,94111,"$1,425,000","2 bds , 2 ba , 1,238 sqft",Paragon Real Estate Group,https://www.zillow.com/homedetails/101-Lombard-St-APT-401W-San-Francisco-CA-94111/15064938_zpid/
Condo For Sale,111 Chestnut St UNIT 109,SAN FRANCISCO,CA,94111,"$1,600,000","2 bds , 2 ba , 1,925 sqft",CENTURY 21 Real Estate Alliance,https://www.zillow.com/homedetails/111-Chestnut-St-UNIT-109-San-Francisco-CA-94111/15064226_zpid/
Lot/Land For Sale,1235 Sansome St,San Francisco,CA,94111,"$998,000","6,882 sqft lot",,https://www.zillow.com/homedetails/1235-Sansome-St-San-Francisco-CA-94111/184663671_zpid/
Condo For Sale,240 Lombard St APT 625,SAN FRANCISCO,CA,94111,"$678,888","1 bd , 1 ba , 580 sqft",Sotheby's International Realty - San Francisco Brokerage,https://www.zillow.com/homedetails/240-Lombard-St-APT-625-San-Francisco-CA-94111/15064165_zpid/
Condo For Sale,240 Lombard St APT 739,SAN FRANCISCO,CA,94111,"$777,000","1 bd , 1 ba , 840 sqft",CENTURY 21 Real Estate Alliance,https://www.zillow.com/homedetails/240-Lombard-St-APT-739-San-Francisco-CA-94111/15064194_zpid/
Condo For Sale,240 Lombard St APT 437,SAN FRANCISCO,CA,94111,"$619,900","1 bd , 1 ba , 566 sqft",SimpleListing.com,https://www.zillow.com/homedetails/240-Lombard-St-APT-437-San-Francisco-CA-94111/15064147_zpid/
