title,address,city,state,postal_code,price,facts and features,real estate provider,url
Condo For Sale,2555 Leavenworth St APT 302,SAN FRANCISCO,CA,94133,"$995,000","2 bds , 2 ba , 796 sqft",Zephyr Real Estate,https://www.zillow.com/homedetails/2555-Leavenworth-St-APT-302-San-Francisco-CA-94133/15063576_zpid/
Condo For Sale,1041 Vallejo St,SAN FRANCISCO,CA,94133,"$4,185,000","3 bds , 3 ba , 2,425 sqft",,https://www.zillow.com/homedetails/1041-Vallejo-St-San-Francisco-CA-94133/15066789_zpid/
Condo For Sale,225 Bay St APT 203,San Francisco,CA,94133,"$875,000","2 bds , 2 ba , 850 sqft",Coldwell Banker Residential Brokerage - Oakland-Piedmont,https://www.zillow.com/homedetails/225-Bay-St-APT-203-San-Francisco-CA-94133/2089603231_zpid/
House For Sale,233 Chestnut St,San Francisco,CA,94133,"$9,500,000","5 bds , 6 ba , 5,274 sqft",Pacific Union International Inc.,https://www.zillow.com/homedetails/233-Chestnut-St-San-Francisco-CA-94133/2089678685_zpid/
Apartment For Sale,233 235 Chestnut St,San Francisco,CA,94133,"$9,500,000","Studio , -- ba , 5,274 sqft",Pacific Union International Inc.,https://www.zillow.com/homedetails/233-235-Chestnut-St-San-Francisco-CA-94133/2089678688_zpid/
Apartment For Sale,1657-1659 Mason St,SAN FRANCISCO,CA,94133,"$9,500,000","Studio , -- ba , 3,900 sqft","Alain Pinel, REALTORS®",https://www.zillow.com/homedetails/1657-1659-Mason-St-San-Francisco-CA-94133/15066458_zpid/
Condo For Sale,455 Vallejo St APT 308,SAN FRANCISCO,CA,94133,"$929,000","1 bd , 1 ba , 825 sqft",Pacific Union International Inc.,https://www.zillow.com/homedetails/455-Vallejo-St-APT-308-San-Francisco-CA-94133/15066605_zpid/
Condo For Sale,532 Filbert St,SAN FRANCISCO,CA,94133,"$1,249,000","2 bds , 2 ba , 1,238 sqft",Paragon Real Estate Group,https://www.zillow.com/homedetails/532-Filbert-St-San-Francisco-CA-94133/15065213_zpid/
Condo For Sale,2114 Leavenworth St,SAN FRANCISCO,CA,94133,"$1,480,000","2 bds , 2 ba , 1,380 sqft",Paragon Real Estate Group,https://www.zillow.com/homedetails/2114-Leavenworth-St-San-Francisco-CA-94133/15065359_zpid/
Apartment For Sale,1023 Broadway,San Francisco,CA,94133,"$2,350,000","Studio , -- ba , 3,800 sqft",Coldwell Banker Residential Brokerage - San Francisco Pacific Heights,https://www.zillow.com/homedetails/1023-Broadway-San-Francisco-CA-94133/2103184657_zpid/
Condo For Sale,818 Union St,SAN FRANCISCO,CA,94133,"$2,349,000","3 bds , 3 ba , 1,984 sqft",Redfin,https://www.zillow.com/homedetails/818-Union-St-San-Francisco-CA-94133/125217537_zpid/
Co-op For Sale,1020 Union St APT 9,SAN FRANCISCO,CA,94133,"$2,195,000","2 bds , 2 ba , 1,846 sqft",Pacific Union International Inc.,https://www.zillow.com/homedetails/1020-Union-St-APT-9-San-Francisco-CA-94133/80747697_zpid/
Condo For Sale,(undisclosed Address),SAN FRANCISCO,CA,94133,"$1,495,000","2 bds , 3 ba , 1,534 sqft",Sotheby's International Realty - San Francisco Brokerage,https://www.zillow.com/homedetails/(undisclosed-Address)-San-Francisco-CA-94133/2089872950_zpid/
Condo For Sale,1520 Taylor St UNIT 603,SAN FRANCISCO,CA,94133,"$2,299,000","2 bds , 3 ba , 1,750 sqft",Maxreal,https://www.zillow.com/homedetails/1520-Taylor-St-UNIT-603-San-Francisco-CA-94133/15067117_zpid/
House For Sale,41 Castle St,SAN FRANCISCO,CA,94133,"$4,595,000","4 bds , 5 ba , 3,170 sqft",Coldwell Banker Residential Brokerage - San Francisco Lombard,https://www.zillow.com/homedetails/41-Castle-St-San-Francisco-CA-94133/15065785_zpid/
Condo For Sale,412 Green St APT B,San Francisco,CA,94133,"$399,000","Studio , 1 ba , 243 sqft",,https://www.zillow.com/homedetails/412-Green-St-APT-B-San-Francisco-CA-94133/2130549770_zpid/
Apartment For Sale,1657 Mason St,San Francisco,CA,94133,"$9,500,000","3 bds , 1 ba , 3,900 sqft",,https://www.zillow.com/homedetails/1657-Mason-St-San-Francisco-CA-94133/2090392315_zpid/
House For Sale,1657-1659 Mason St # 1657-1659,San Francisco,CA,94133,"$9,500,000","4 bds , 2 ba , 3,900 sqft",,https://www.zillow.com/homedetails/1657-1659-Mason-St-1657-1659-San-Francisco-CA-94133/2090397336_zpid/
Condo For Sale,412 Green St APT A,San Francisco,CA,94133,"$419,000","Studio , 1 ba , 232 sqft",Vanguard Properties,https://www.zillow.com/homedetails/412-Green-St-APT-A-San-Francisco-CA-94133/2124214951_zpid/
Apartment For Sale,728 732 Broadway St,San Francisco,CA,94133,"$3,195,000","Studio , -- ba , 7,125 sqft",Shamrock Real Estate Company,https://www.zillow.com/homedetails/728-732-Broadway-St-San-Francisco-CA-94133/2090600069_zpid/
Condo For Sale,947 Green St # 6,SAN FRANCISCO,CA,94133,"$7,495,000","2 bds , 1.5 ba , -- sqft",Zephyr Real Estate,https://www.zillow.com/homedetails/947-Green-St-6-San-Francisco-CA-94133/63196052_zpid/
Condo For Sale,594 Lombard St,San Francisco,CA,94133,"$3,000,000","3 bds , 3.5 ba , 3,000 sqft",Envisage Real Estate,https://www.zillow.com/homedetails/594-Lombard-St-San-Francisco-CA-94133/2090913384_zpid/
Apartment For Sale,590-594 Lombard St,SAN FRANCISCO,CA,94133,"$9,500,000","Studio , -- ba , 3,000 sqft",Envisage Real Estate,https://www.zillow.com/homedetails/590-594-Lombard-St-San-Francisco-CA-94133/15064423_zpid/
Condo For Sale,592 Lombard St,San Francisco,CA,94133,"$3,000,000","3 bds , 3 ba , -- sqft",Envisage Real Estate,https://www.zillow.com/homedetails/592-Lombard-St-San-Francisco-CA-94133/2090916926_zpid/
Condo For Sale,590 Lombard St,San Francisco,CA,94133,"$3,000,000","3 bds , 3 ba , -- sqft",Envisage Real Estate,https://www.zillow.com/homedetails/590-Lombard-St-San-Francisco-CA-94133/2090916961_zpid/
