title,address,city,state,postal_code,price,facts and features,real estate provider,url
New Construction,1188 Valencia St # GOX6UH,San Francisco,CA,94110,"$1,995,000+","2 bds , 2 ba , 1,321+ sqft",,https://www.zillow.com/community/1188-valencia/2091353935_zpid/
Condo For Sale,220 Liberty St,SAN FRANCISCO,CA,94114,"$1,295,000","2 bds , 1 ba , 1,525 sqft",Sotheby's International Realty,https://www.zillow.com/homedetails/220-Liberty-St-San-Francisco-CA-94114/111931723_zpid/
House For Sale,2039 20th Ave,SAN FRANCISCO,CA,94116,"$1,599,000","3 bds , 2 ba , 2,160 sqft",Paragon Real Estate Group,https://www.zillow.com/homedetails/2039-20th-Ave-San-Francisco-CA-94116/15115732_zpid/
Condo For Sale,520 34th Ave,SAN FRANCISCO,CA,94121,"$979,000","2 bds , 1 ba , 1,300 sqft",McGuire Real Estate,https://www.zillow.com/homedetails/520-34th-Ave-San-Francisco-CA-94121/79843308_zpid/
Condo For Sale,8 Buchanan St UNIT 507,SAN FRANCISCO,CA,94102,"$798,000","1 bd , 1 ba , -- sqft",The Agency,https://www.zillow.com/homedetails/8-Buchanan-St-UNIT-507-San-Francisco-CA-94102/124397889_zpid/
House For Sale,1863 18th Ave,SAN FRANCISCO,CA,94122,"$1,295,000","3 bds , 2 ba , 1,712 sqft",Zephyr Real Estate,https://www.zillow.com/homedetails/1863-18th-Ave-San-Francisco-CA-94122/15112220_zpid/
Condo For Sale,255 Berry St APT 404,SAN FRANCISCO,CA,94158,"$895,000","1 bd , 1 ba , 873 sqft",Compass,https://www.zillow.com/homedetails/255-Berry-St-APT-404-San-Francisco-CA-94158/64972998_zpid/
Condo For Sale,1201 California St UNIT 904,SAN FRANCISCO,CA,94109,"$1,295,000","1 bd , 2 ba , 1,159 sqft",Coldwell Banker,https://www.zillow.com/homedetails/1201-California-St-UNIT-904-San-Francisco-CA-94109/63196349_zpid/
