title,address,city,state,postal_code,price,facts and features,real estate provider,url
House For Sale,2039 20th Ave,SAN FRANCISCO,CA,94116,"$1,599,000","3 bds , 2 ba , 2,160 sqft",Paragon Real Estate Group,https://www.zillow.com/homedetails/2039-20th-Ave-San-Francisco-CA-94116/15115732_zpid/
House For Sale,2023 42nd Ave,SAN FRANCISCO,CA,94116,"$998,000","2 bds , 2 ba , 1,214 sqft","Alain Pinel, REALTORS",https://www.zillow.com/homedetails/2023-42nd-Ave-San-Francisco-CA-94116/15116382_zpid/
Condo For Sale,2122 Taraval St APT A,SAN FRANCISCO,CA,94116,"$995,000","3 bds , 2 ba , 1,512 sqft",Coldwell Banker Residential Brokerage - San Francisco Pacific Heights,https://www.zillow.com/homedetails/2122-Taraval-St-APT-A-San-Francisco-CA-94116/111929276_zpid/
House For Sale,2110 21st Ave,SAN FRANCISCO,CA,94116,"$998,000","3 bds , 1 ba , 1,474 sqft",Coldwell Banker Residential Brokerage - San Francisco Lakeside,https://www.zillow.com/homedetails/2110-21st-Ave-San-Francisco-CA-94116/15117960_zpid/
House For Sale,2070 18th Ave,SAN FRANCISCO,CA,94116,"$1,649,000","4 bds , 3 ba , 2,300 sqft",Zephyr Real Estate,https://www.zillow.com/homedetails/2070-18th-Ave-San-Francisco-CA-94116/15115619_zpid/
House For Sale,2083 18th Ave,SAN FRANCISCO,CA,94116,"$1,095,000","4 bds , 2 ba , 1,810 sqft",,https://www.zillow.com/homedetails/2083-18th-Ave-San-Francisco-CA-94116/15115663_zpid/
House For Sale,2200 45th Ave,SAN FRANCISCO,CA,94116,"$699,000","2 bds , 1 ba , 962 sqft",Compass,https://www.zillow.com/homedetails/2200-45th-Ave-San-Francisco-CA-94116/15118602_zpid/
House For Sale,18 Cragmont Ave,SAN FRANCISCO,CA,94116,"$1,795,000","3 bds , 3.5 ba , 2,090 sqft",Zephyr Real Estate,https://www.zillow.com/homedetails/18-Cragmont-Ave-San-Francisco-CA-94116/15115133_zpid/
House For Sale,2151 18th Ave,SAN FRANCISCO,CA,94116,"$1,428,888","2 bds , 2 ba , 1,250 sqft",,https://www.zillow.com/homedetails/2151-18th-Ave-San-Francisco-CA-94116/15118007_zpid/
House For Sale,2186 29th Ave,SAN FRANCISCO,CA,94116,"$1,095,000","2 bds , 1 ba , 1,162 sqft",Coldwell Banker Residential Brokerage - San Francisco Sunset,https://www.zillow.com/homedetails/2186-29th-Ave-San-Francisco-CA-94116/15117644_zpid/
House For Sale,1118 Quintara St,SAN FRANCISCO,CA,94116,"$949,000","3 bds , 2 ba , 1,050 sqft",,https://www.zillow.com/homedetails/1118-Quintara-St-San-Francisco-CA-94116/15115747_zpid/
House For Sale,459 Magellan Ave,SAN FRANCISCO,CA,94116,"$2,195,000","4 bds , 4 ba , 2,473 sqft",Coldwell Banker Residential Brokerage - San Francisco Lakeside,https://www.zillow.com/homedetails/459-Magellan-Ave-San-Francisco-CA-94116/15134023_zpid/
House For Sale,2550 36th Ave,SAN FRANCISCO,CA,94116,"$1,590,000","4 bds , 3 ba , 1,616 sqft",CENTURY 21 Real Estate Alliance,https://www.zillow.com/homedetails/2550-36th-Ave-San-Francisco-CA-94116/15123931_zpid/
House For Sale,2695 43rd Ave,SAN FRANCISCO,CA,94116,"$1,495,000","4 bds , 3 ba , 1,758 sqft",Climb Real Estate,https://www.zillow.com/homedetails/2695-43rd-Ave-San-Francisco-CA-94116/15124699_zpid/
House For Sale,1942 Vicente St,SAN FRANCISCO,CA,94116,"$1,280,000","2 bds , 2 ba , 1,057 sqft",Century 21 Real Estate Alliance,https://www.zillow.com/homedetails/1942-Vicente-St-San-Francisco-CA-94116/15123680_zpid/
House For Sale,1420 Wawona St,SAN FRANCISCO,CA,94116,"$1,595,000","3 bds , 2.5 ba , 1,792 sqft",,https://www.zillow.com/homedetails/1420-Wawona-St-San-Francisco-CA-94116/15125168_zpid/
House For Sale,2294 31st Ave,SAN FRANCISCO,CA,94116,"$1,399,000","4 bds , 3 ba , 2,050 sqft","Elite Realty Group, Inc.",https://www.zillow.com/homedetails/2294-31st-Ave-San-Francisco-CA-94116/15119278_zpid/
Apartment For Sale,2325 2329 Taraval St,San Francisco,CA,94116,"$1,890,000","Studio , -- ba , -- sqft",Frontier Realty,https://www.zillow.com/homedetails/2325-2329-Taraval-St-San-Francisco-CA-94116/2091289666_zpid/
House For Sale,88 Castenada Ave,SAN FRANCISCO,CA,94116,"$2,488,000","5 bds , 4.5 ba , 4,700 sqft","Keller, Scott",https://www.zillow.com/homedetails/88-Castenada-Ave-San-Francisco-CA-94116/111925625_zpid/
House For Sale,2691 35th Ave,San Francisco,CA,94116,"$1,800,000","3 bds , 2.5 ba , 2,550 sqft",Climb Real Estate,https://www.zillow.com/homedetails/2691-35th-Ave-San-Francisco-CA-94116/2092497789_zpid/
