title,address,city,state,postal_code,price,facts and features,real estate provider,url
Condo For Sale,2359 Jackson St # 4,San Francisco,CA,94115,"$995,000","1 bd , 1 ba , 653 sqft",McGuire Real Estate,https://www.zillow.com/homedetails/2359-Jackson-St-4-San-Francisco-CA-94115/15074023_zpid/
Condo For Sale,666 Post St,San Francisco,CA,94109,"$649,000","1 bd , 1 ba , 825 sqft",McGuire Real Estate,https://www.zillow.com/homedetails/666-Post-St-San-Francisco-CA-94109/2106538041_zpid/
Condo For Sale,400 Beale St APT 1301,San Francisco,CA,94105,"$1,195,000","2 bds , 2 ba , 1,223 sqft",Compass,https://www.zillow.com/homedetails/400-Beale-St-APT-1301-San-Francisco-CA-94105/80736771_zpid/
House For Sale,232 Ashbury Ave,El Cerrito,CA,94530,"$850,000","3 bds , 1 ba , 1,345 sqft","SEXTON GROUP, R.E.",https://www.zillow.com/homedetails/232-Ashbury-Ave-El-Cerrito-CA-94530/18528763_zpid/
House For Sale,578 London St,San Francisco,CA,94112,"$999,000","2 bds , 1 ba , 1,250 sqft",Compass,https://www.zillow.com/homedetails/578-London-St-San-Francisco-CA-94112/15174520_zpid/
Apartment For Sale,1840-1844 Golden Gate Ave,SAN FRANCISCO,CA,94115,"$5,995,000","Studio , -- ba , 7,205 sqft","Paragon Coml. Brokerage, Inc",https://www.zillow.com/homedetails/1840-1844-Golden-Gate-Ave-San-Francisco-CA-94115/15084972_zpid/
New Construction,421 Singleton Ave # 8CVJWI,Alameda,CA,94501,"$936,257+","2 bds , 2 ba , 1,638+ sqft",,https://www.zillow.com/community/linear-at-alameda-landing/2094877326_zpid/
New Construction,1000 3rd Street 110 Channel St # 4RL7S6,San Francisco,CA,94158,"$795,000+","-- bds , 1 ba , 495+ sqft",,https://www.zillow.com/community/one-mission-bay/2091285305_zpid/
