title,address,city,state,postal_code,price,facts and features,real estate provider,url
Condo For Sale,930 Pine St APT 115,San Francisco,CA,94108,"$825,000","1 bd , 1 ba , 738 sqft",Pacific Union International,https://www.zillow.com/homedetails/930-Pine-St-APT-115-San-Francisco-CA-94108/15068644_zpid/
Condo For Sale,333 Grant Ave,San Francisco,CA,94108,"$995,000","1 bd , 1 ba , 832 sqft",Paragon Real Estate Group,https://www.zillow.com/homedetails/333-Grant-Ave-San-Francisco-CA-94108/2105168227_zpid/
Condo For Sale,725 Pine St APT 308,San Francisco,CA,94108,"$729,000","1 bd , 1 ba , 536 sqft",Intero Real Estate Services,https://www.zillow.com/homedetails/725-Pine-St-APT-308-San-Francisco-CA-94108/82785256_zpid/
Condo For Sale,946 Stockton St APT 7E,San Francisco,CA,94108,"$775,000","2 bds , 1.75 ba , 769 sqft","Merchant Real Estate, Inc.",https://www.zillow.com/homedetails/946-Stockton-St-APT-7E-San-Francisco-CA-94108/15067592_zpid/
Condo For Sale,1170 Sacramento St APT 18A,San Francisco,CA,94108,"$3,595,000","2 bds , 2.5 ba , 2,027 sqft",GPK Luxury Real Estate,https://www.zillow.com/homedetails/1170-Sacramento-St-APT-18A-San-Francisco-CA-94108/15068074_zpid/
Condo For Sale,1177 California St APT 1530,San Francisco,CA,94108,"$828,000","1 bd , 1 ba , 656 sqft",Coldwell Banker Residential Brokerage - San Francisco Pacific Heights,https://www.zillow.com/homedetails/1177-California-St-APT-1530-San-Francisco-CA-94108/15068408_zpid/
Condo For Sale,946 Stockton St APT 6A,San Francisco,CA,94108,"$1,300,000","2 bds , 2 ba , 775 sqft",Coldwell Banker Residential Brokerage - San Francisco Sunset,https://www.zillow.com/homedetails/946-Stockton-St-APT-6A-San-Francisco-CA-94108/15067582_zpid/
Condo For Sale,1177 California St APT 224,San Francisco,CA,94108,"$1,645,000","2 bds , 2 ba , 1,579 sqft",Vanguard Properties,https://www.zillow.com/homedetails/1177-California-St-APT-224-San-Francisco-CA-94108/15068619_zpid/
Apartment For Sale,883 Sacramento St,San Francisco,CA,94108,"$2,200,000","Studio , -- ba , 4,400 sqft","Plant Co., Inc., Edward",https://www.zillow.com/homedetails/883-Sacramento-St-San-Francisco-CA-94108/15068173_zpid/
