title,address,city,state,postal_code,price,facts and features,real estate provider,url
Condo For Sale,142 Swiss Ave,San Francisco,CA,94131,"$799,000","1 bd , 1 ba , 918 sqft",McGuire Real Estate,https://www.zillow.com/homedetails/142-Swiss-Ave-San-Francisco-CA-94131/61288525_zpid/
House For Sale,179 Brompton Ave,San Francisco,CA,94131,"$1,495,000","3 bds , 2 ba , 1,560 sqft",Zephyr Real Estate,https://www.zillow.com/homedetails/179-Brompton-Ave-San-Francisco-CA-94131/15185614_zpid/
Condo For Sale,53 Wilder St UNIT 401,San Francisco,CA,94131,"$1,149,000","2 bds , 2 ba , 1,181 sqft",Paragon Real Estate Group,https://www.zillow.com/homedetails/53-Wilder-St-UNIT-401-San-Francisco-CA-94131/82786506_zpid/
House For Sale,986 Burnett Ave,San Francisco,CA,94131,"$1,295,000","3 bds , 2 ba , 1,823 sqft",Zephyr Real Estate,https://www.zillow.com/homedetails/986-Burnett-Ave-San-Francisco-CA-94131/15132705_zpid/
House For Sale,255 Dellbrook Ave,San Francisco,CA,94131,"$998,000","2 bds , 1 ba , -- sqft",BHHS California Realty,https://www.zillow.com/homedetails/255-Dellbrook-Ave-San-Francisco-CA-94131/15132428_zpid/
Apartment For Sale,214 Monterey Blvd # 216,San Francisco,CA,94131,"$1,349,000","3 bds , 2 ba , -- sqft",Climb Real Estate,https://www.zillow.com/homedetails/214-Monterey-Blvd-216-San-Francisco-CA-94131/2090759981_zpid/
House For Sale,187 Carnelian Way,San Francisco,CA,94131,"$1,525,000","3 bds , 3 ba , 1,747 sqft",,https://www.zillow.com/homedetails/187-Carnelian-Way-San-Francisco-CA-94131/15198582_zpid/
House For Sale,610 Duncan St,San Francisco,CA,94131,"$1,995,000","3 bds , 3 ba , 2,500 sqft",Zephyr Real Estate,https://www.zillow.com/homedetails/610-Duncan-St-San-Francisco-CA-94131/15182290_zpid/
House For Sale,1600 Diamond St,San Francisco,CA,94131,"$4,385,000","5 bds , 5.5 ba , 3,200 sqft",GPK Luxury Real Estate,https://www.zillow.com/homedetails/1600-Diamond-St-San-Francisco-CA-94131/15199468_zpid/
Condo For Sale,3550 Market St APT 302,San Francisco,CA,94131,"$925,000","2 bds , 2 ba , 1,093 sqft",Paragon Real Estate Group,https://www.zillow.com/homedetails/3550-Market-St-APT-302-San-Francisco-CA-94131/15130253_zpid/
Condo For Sale,215 Red Rock Way APT 107J,San Francisco,CA,94131,"$699,000","1 bd , 1 ba , 744 sqft",Pacific Union International Inc.,https://www.zillow.com/homedetails/215-Red-Rock-Way-APT-107J-San-Francisco-CA-94131/15199183_zpid/
House For Sale,1828 Castro St,San Francisco,CA,94131,"$1,995,000","3 bds , 3 ba , 1,170 sqft",,https://www.zillow.com/homedetails/1828-Castro-St-San-Francisco-CA-94131/15182113_zpid/
House For Sale,70 Cityview Way,San Francisco,CA,94131,"$1,225,000","2 bds , 1 ba , -- sqft",Pacific Union International Inc.,https://www.zillow.com/homedetails/70-Cityview-Way-San-Francisco-CA-94131/15132068_zpid/
Condo For Sale,5175 Diamond Heights Blvd APT 123,San Francisco,CA,94131,"$858,000","2 bds , 2 ba , 1,050 sqft",Intero Real Estate Services,https://www.zillow.com/homedetails/5175-Diamond-Heights-Blvd-APT-123-San-Francisco-CA-94131/15199430_zpid/
Condo For Sale,4121 Cesar Chavez St APT 2,San Francisco,CA,94131,"$1,465,000","2 bds , 2.5 ba , 1,282 sqft",Compass,https://www.zillow.com/homedetails/4121-Cesar-Chavez-St-APT-2-San-Francisco-CA-94131/2100964291_zpid/
Apartment For Sale,346-348 Chenery St,SAN FRANCISCO,CA,94131,"$1,850,000","Studio , -- ba , 2,700 sqft",,https://www.zillow.com/homedetails/346-348-Chenery-St-San-Francisco-CA-94131/15184410_zpid/
House For Sale,214 216 Monterey Blvd,San Francisco,CA,94131,"$1,349,000","3 bds , 2 ba , 1,656 sqft",Climb Real Estate,https://www.zillow.com/homedetails/214-216-Monterey-Blvd-San-Francisco-CA-94131/2090916861_zpid/
Apartment For Sale,12 Chenery St,San Francisco,CA,94131,"$998,000","Studio , -- ba , 1,553 sqft","Ormiston, Robert E., Broker",https://www.zillow.com/homedetails/12-Chenery-St-San-Francisco-CA-94131/15183814_zpid/
House For Sale,64 Sussex St,San Francisco,CA,94131,"$1,599,000","2 bds , 1 ba , 834 sqft",Compass,https://www.zillow.com/homedetails/64-Sussex-St-San-Francisco-CA-94131/15184634_zpid/
House For Sale,1783 Noe St,San Francisco,CA,94131,"$7,700,000","5 bds , 5 ba , -- sqft",Zephyr Real Estate,https://www.zillow.com/homedetails/1783-Noe-St-San-Francisco-CA-94131/15183630_zpid/
Condo For Sale,145 Gardenside Dr APT 5,San Francisco,CA,94131,"$899,000","2 bds , 2 ba , 1,049 sqft",Zephyr Real Estate,https://www.zillow.com/homedetails/145-Gardenside-Dr-APT-5-San-Francisco-CA-94131/15132786_zpid/
Condo For Sale,910 Corbett Ave # 1,San Francisco,CA,94131,"$1,179,000","3 bds , 1.5 ba , 1,496 sqft",,https://www.zillow.com/homedetails/910-Corbett-Ave-1-San-Francisco-CA-94131/96038822_zpid/
Condo For Sale,910 Corbett Ave # 2,San Francisco,CA,94131,"$1,179,000","3 bds , 1.5 ba , 1,523 sqft",,https://www.zillow.com/homedetails/910-Corbett-Ave-2-San-Francisco-CA-94131/96017079_zpid/
Condo For Sale,910 Corbett Ave # 3,San Francisco,CA,94131,"$1,299,000","4 bds , 2 ba , 1,430 sqft",,https://www.zillow.com/homedetails/910-Corbett-Ave-3-San-Francisco-CA-94131/96044298_zpid/
Apartment For Sale,274-276 Duncan St,SAN FRANCISCO,CA,94131,"$2,395,000","Studio , -- ba , 3,575 sqft",Paragon Real Estate Group,https://www.zillow.com/homedetails/274-276-Duncan-St-San-Francisco-CA-94131/15182424_zpid/
