title,address,city,state,postal_code,price,facts and features,real estate provider,url
House For Sale,2 Rosella Ct,San Francisco,CA,94112,"$949,000","2 bds , 1 ba , 1,026 sqft",Vision Realty Group,https://www.zillow.com/homedetails/2-Rosella-Ct-San-Francisco-CA-94112/15188253_zpid/
House For Sale,171 Twin Peaks Blvd,San Francisco,CA,94114,"$2,988,000","3 bds , -- ba , 2,900 sqft",Realty World - Dominion,https://www.zillow.com/homedetails/171-Twin-Peaks-Blvd-San-Francisco-CA-94114/15129661_zpid/
House For Sale,207 Trinity Rd,Brisbane,CA,94005,"$1,350,000","4 bds , 2 ba , 1,310 sqft",Properties Unlimited,https://www.zillow.com/homedetails/207-Trinity-Rd-Brisbane-CA-94005/15468957_zpid/
Apartment For Sale,1671-1675 Turk St,SAN FRANCISCO,CA,94115,"$1,575,000","Studio , -- ba , 2,000 sqft",Hill & Co.,https://www.zillow.com/homedetails/1671-1675-Turk-St-San-Francisco-CA-94115/15077532_zpid/
House For Sale,5915 Marshall St,Oakland,CA,94608,"$675,000","2 bds , 2 ba , 854 sqft",MARVIN GARDENS EAST BAY,https://www.zillow.com/homedetails/5915-Marshall-St-Oakland-CA-94608/24757466_zpid/
Condo For Sale,267 271 Hermann St # 267,San Francisco,CA,94117,"$899,000","2 bds , 1 ba , -- sqft",Vanguard Properties,https://www.zillow.com/homedetails/267-271-Hermann-St-267-San-Francisco-CA-94117/2090856900_zpid/
Condo For Sale,5175 Diamond Heights Blvd APT 123,San Francisco,CA,94131,"$858,000","2 bds , 2 ba , 1,050 sqft",Intero Real Estate Services,https://www.zillow.com/homedetails/5175-Diamond-Heights-Blvd-APT-123-San-Francisco-CA-94131/15199430_zpid/
House For Sale,170 Woodrow St,Daly City,CA,94014,"$929,950","4 bds , 2 ba , -- sqft",S & W Real Estate Co.,https://www.zillow.com/homedetails/170-Woodrow-St-Daly-City-CA-94014/15458942_zpid/
