title,address,city,state,postal_code,price,facts and features,real estate provider,url
House For Sale,650 Mangels Ave,San Francisco,CA,94127,"$1,498,000","3 bds , 3 ba , 1,686 sqft",Climb Real Estate,https://www.zillow.com/homedetails/650-Mangels-Ave-San-Francisco-CA-94127/15137943_zpid/
House For Sale,559 Ulloa St,San Francisco,CA,94127,"$1,295,000","2 bds , 1 ba , 1,439 sqft",Real Management Company,https://www.zillow.com/homedetails/559-Ulloa-St-San-Francisco-CA-94127/15135635_zpid/
House For Sale,624 Urbano Dr,San Francisco,CA,94127,"$1,425,000","3 bds , 1.5 ba , 1,785 sqft",Paragon Real Estate Group,https://www.zillow.com/homedetails/624-Urbano-Dr-San-Francisco-CA-94127/15187571_zpid/
Auction,479 Los Palmos Dr,San Francisco,CA,94127,$948K,"2 bds , 1 ba , 1,024 sqft",,https://www.zillow.com/homedetails/479-Los-Palmos-Dr-San-Francisco-CA-94127/15136329_zpid/
House For Sale,96 Brentwood Ave,San Francisco,CA,94127,"$1,495,000","2 bds , 2 ba , 2,196 sqft",Sotheby's International Realty - San Francisco Brokerage,https://www.zillow.com/homedetails/96-Brentwood-Ave-San-Francisco-CA-94127/15137667_zpid/
House For Sale,140 Edgehill Way,San Francisco,CA,94127,"$1,298,000","2 bds , 2 ba , 1,587 sqft",,https://www.zillow.com/homedetails/140-Edgehill-Way-San-Francisco-CA-94127/15134201_zpid/
House For Sale,510 Los Palmos Dr,San Francisco,CA,94127,"$1,199,000","3 bds , 1.5 ba , 1,565 sqft",Zephyr Real Estate,https://www.zillow.com/homedetails/510-Los-Palmos-Dr-San-Francisco-CA-94127/15136394_zpid/
House For Sale,11 San Jacinto Way,San Francisco,CA,94127,"$6,195,000","4 bds , 5 ba , 6,383 sqft",,https://www.zillow.com/homedetails/11-San-Jacinto-Way-San-Francisco-CA-94127/15138231_zpid/
